"","X","File","Words","Contour","language","talker","utt","condition","sentence","kaamSentence","ContourS","predTone","auxTone","finalTone","pause","pause2"
"1",1,"CHO-P1-target1.wav","ananyaa <p> kheDvaanu kaam karti hase ","L-H% 0 0 LH L-H%","Chodri","P1","target1","subjFoc","sentence18","yes","LH 0 0 LH L-H%","0","LH ","L-H%","yes","L-H%"
"2",2,"CHO-P1-target10.wav","laavanya aaraam karti hase ","LH LH LH L-H%","Chodri","P1","target10","predFoc","sentence710","no","LH LH LH L-H%","LH","LH ","L-H%","no","LH L"
"3",3,"CHO-P1-target11.wav","ananyaa kasrat karti hase ","LH LH LH L-H%","Chodri","P1","target11","subjFoc","sentence1114","no","LH LH LH L-H%","LH","LH ","L-H%","no","LH L"
"4",4,"CHO-P1-target12.wav","laavanya kheDvaanu kaam  karti hase ","LH LH LH LH L-H%","Chodri","P1","target12","predFoc","sentence1215","yes","LH LH LH LH L-H%","LH","LH ","L-H%","no","LH L"
"5",5,"CHO-P1-target13.wav","ananyaa aaraam karti hase ","LH LH LH L-H%","Chodri","P1","target13","subjFoc","sentence413","no","LH LH LH L-H%","LH","LH ","L-H%","no","LH L"
"6",6,"CHO-P1-target14.wav","ananyaa <p> kasrat karti hase ","L-H% LH LH L-H%","Chodri","P1","target14","predFoc","sentence1114","no","LH LH LH L-H%","LH","LH ","L-H%","yes","L-H%"
"7",7,"CHO-P1-target15.wav","laavanya kheDvaanu kaam karti hase ","LH LH LH LH L-L%","Chodri","P1","target15","subjFoc","sentence1215","yes","LH LH LH LH L-L%","LH","LH ","L-L%","no","LH L"
"8",8,"CHO-P1-target16.wav","laavanya nedvaanu kaam karti hase ","LH LH 0 LH L-H%","Chodri","P1","target16","predFoc","sentence916","yes","LH LH 0 LH L-H%","LH","LH ","L-H%","no","LH L"
"9",9,"CHO-P1-target2.wav","laavanya kasrat <p> karti hase ","LH L-H% LH H-L%","Chodri","P1","target2","predFoc","sentence25","no","LH LH LH H-L%","LH","LH ","H-L%","no","LH L"
"10",10,"CHO-P1-target3.wav","ananyaa nedvaanu kaam karti hase ","LH LH LH LH L-L%","Chodri","P1","target3","subjFoc","sentence36","yes","LH LH LH LH L-L%","LH","LH ","L-L%","no","LH L"
"11",12,"CHO-P1-target5.wav","laavanya kasrat karti hase ","LH LH LH H-L%","Chodri","P1","target5","subjFoc","sentence25","no","LH LH LH H-L%","LH","LH ","H-L%","no","LH L"
"12",13,"CHO-P1-target6.wav","ananyaa nedvaanu kaam karti hase ","LH LH LH LH L-H%","Chodri","P1","target6","predFoc","sentence36","yes","LH LH LH LH L-H%","LH","LH ","L-H%","no","LH L"
"13",14,"CHO-P1-target7.wav","laavanya aaraam karti hase ","LH LH LH L-H%","Chodri","P1","target7","subjFoc","sentence710","no","LH LH LH L-H%","LH","LH ","L-H%","no","LH L"
"14",15,"CHO-P1-target8.wav","ananyaa kheDvaanu kaam karti hase ","LH LH LH LH H-L%","Chodri","P1","target8","predFoc","sentence18","yes","LH LH LH LH H-L%","LH","LH ","H-L%","no","LH L"
"15",16,"CHO-P1-target9.wav","laavanya nedvaanu kaam karti hase ","LH LH LH LH L-H%","Chodri","P1","target9","subjFoc","sentence916","yes","LH LH LH LH L-H%","LH","LH ","L-H%","no","LH L"
"16",17,"CHO-P10-target1.wav","ananyaa kheDvaanu kaam karti hase ","LH LH LH LH L-H%","Chodri","P10","target1","subjFoc","sentence18","yes","LH LH LH LH L-H%","LH","LH ","L-H%","no","LH L"
"17",18,"CHO-P10-target10.wav","laavanya aaraam karti hase ","LH LH LH H-L%","Chodri","P10","target10","predFoc","sentence710","no","LH LH LH H-L%","LH","LH ","H-L%","no","LH L"
"18",19,"CHO-P10-target11.wav","ananyaa kasrat karti hase ","LH LH LH L-H%","Chodri","P10","target11","subjFoc","sentence1114","no","LH LH LH L-H%","LH","LH ","L-H%","no","LH L"
"19",20,"CHO-P10-target12.wav","laavanya kheDvaanu kaam karti hase ","LH LH 0 LH L-H%","Chodri","P10","target12","predFoc","sentence1215","yes","LH LH 0 LH L-H%","LH","LH ","L-H%","no","LH L"
"20",21,"CHO-P10-target13.wav","ananyaa aaraam karti hase ","LH LH LH L-H%","Chodri","P10","target13","subjFoc","sentence413","no","LH LH LH L-H%","LH","LH ","L-H%","no","LH L"
"21",22,"CHO-P10-target14.wav","ananyaa kasrat karti hase ","LH LH LH L-H%","Chodri","P10","target14","predFoc","sentence1114","no","LH LH LH L-H%","LH","LH ","L-H%","no","LH L"
"22",23,"CHO-P10-target15.wav","laavanya kheDvaanu kaam karti hase ","LH LH 0 0 L-H%","Chodri","P10","target15","subjFoc","sentence1215","yes","LH LH 0 0 L-H%","LH"," 0 ","L-H%","no","LH L"
"23",24,"CHO-P10-target16.wav","laavanya nedvaanu kaam karti hase ","LH LH LH 0 L-H%","Chodri","P10","target16","predFoc","sentence916","yes","LH LH LH 0 L-H%","LH"," 0 ","L-H%","no","LH L"
"24",25,"CHO-P10-target2.wav","laavanya kasrat karti hase ","LH LH LH L-L%","Chodri","P10","target2","predFoc","sentence25","no","LH LH LH L-L%","LH","LH ","L-L%","no","LH L"
"25",26,"CHO-P10-target3.wav","ananyaa nedvaanu kaam karti hase ","LH LH LH LH L-H%","Chodri","P10","target3","subjFoc","sentence36","yes","LH LH LH LH L-H%","LH","LH ","L-H%","no","LH L"
"26",27,"CHO-P10-target4.wav","ananyaa aaraam karti hase ","LH LH LH L-H%","Chodri","P10","target4","predFoc","sentence413","no","LH LH LH L-H%","LH","LH ","L-H%","no","LH L"
"27",28,"CHO-P10-target5.wav","laavanya kasrat karti hase ","LH LH LH L-H%","Chodri","P10","target5","subjFoc","sentence25","no","LH LH LH L-H%","LH","LH ","L-H%","no","LH L"
"28",29,"CHO-P10-target6.wav","ananyaa nedvaanu kaam karti hase ","LH LH LH LH L-H%","Chodri","P10","target6","predFoc","sentence36","yes","LH LH LH LH L-H%","LH","LH ","L-H%","no","LH L"
"29",30,"CHO-P10-target7.wav","laavanya aaraam karti hase ","LH LH LH L-H%","Chodri","P10","target7","subjFoc","sentence710","no","LH LH LH L-H%","LH","LH ","L-H%","no","LH L"
"30",31,"CHO-P10-target8.wav","ananyaa kheDvaanu kaam karti hase ","LH LH LH LH L-H%","Chodri","P10","target8","predFoc","sentence18","yes","LH LH LH LH L-H%","LH","LH ","L-H%","no","LH L"
"31",32,"CHO-P10-target9.wav","laavanya nedvaanu kaam karti hase ","LH LH 0 LH L-L%","Chodri","P10","target9","subjFoc","sentence916","yes","LH LH 0 LH L-L%","LH","LH ","L-L%","no","LH L"
"32",33,"CHO-P11-target1.wav","ananyaa kheDvaanu kaam karti hase ","LH LH 0 0 L-L%","Chodri","P11","target1","subjFoc","sentence18","yes","LH LH 0 0 L-L%","LH"," 0 ","L-L%","no","LH L"
"33",34,"CHO-P11-target10.wav","laavanya aaraam karti hase ","LH LH LH L-L%","Chodri","P11","target10","predFoc","sentence710","no","LH LH LH L-L%","LH","LH ","L-L%","no","LH L"
"34",35,"CHO-P11-target11.wav","ananyaa kasrat karti hase ","LH LH LH L-L%","Chodri","P11","target11","subjFoc","sentence1114","no","LH LH LH L-L%","LH","LH ","L-L%","no","LH L"
"35",36,"CHO-P11-target12.wav","laavanya kheDvaanu kaam karti hase ","LH LH 0 LH L-H%","Chodri","P11","target12","predFoc","sentence1215","yes","LH LH 0 LH L-H%","LH","LH ","L-H%","no","LH L"
"36",38,"CHO-P11-target14.wav","ananyaa kasrat karti hase ","LH LH LH L-L%","Chodri","P11","target14","predFoc","sentence1114","no","LH LH LH L-L%","LH","LH ","L-L%","no","LH L"
"37",39,"CHO-P11-target15.wav","laavanya kheDvaanu kaam karti hase ","LH LH 0 LH L-L%","Chodri","P11","target15","subjFoc","sentence1215","yes","LH LH 0 LH L-L%","LH","LH ","L-L%","no","LH L"
"38",40,"CHO-P11-target16.wav","laavanya nedvaanu kaam karti hase ","LH LH LH LH L-L%","Chodri","P11","target16","predFoc","sentence916","yes","LH LH LH LH L-L%","LH","LH ","L-L%","no","LH L"
"39",41,"CHO-P11-target2.wav","laavanya kasrat karti hase ","LH LH LH L-L%","Chodri","P11","target2","predFoc","sentence25","no","LH LH LH L-L%","LH","LH ","L-L%","no","LH L"
"40",42,"CHO-P11-target3.wav","ananyaa nedvaanu kaam karti hase ","LH LH 0 LH L-H%","Chodri","P11","target3","subjFoc","sentence36","yes","LH LH 0 LH L-H%","LH","LH ","L-H%","no","LH L"
"41",43,"CHO-P11-target4.wav","ananyaa aaraam karti hase ","LH LH LH L-L%","Chodri","P11","target4","predFoc","sentence413","no","LH LH LH L-L%","LH","LH ","L-L%","no","LH L"
"42",44,"CHO-P11-target5.wav","laavanya kasrat karti hase ","LH LH LH L-L%","Chodri","P11","target5","subjFoc","sentence25","no","LH LH LH L-L%","LH","LH ","L-L%","no","LH L"
"43",45,"CHO-P11-target6.wav","ananyaa nedvaanu kaam karti hase ","LH LH 0 LH L-L%","Chodri","P11","target6","predFoc","sentence36","yes","LH LH 0 LH L-L%","LH","LH ","L-L%","no","LH L"
"44",46,"CHO-P11-target7.wav","laavanya aaraam karti hase ","LH LH LH L-L%","Chodri","P11","target7","subjFoc","sentence710","no","LH LH LH L-L%","LH","LH ","L-L%","no","LH L"
"45",47,"CHO-P11-target8.wav","ananyaa kheDvaanu kaam karti hase ","LH LH 0 LH L-L%","Chodri","P11","target8","predFoc","sentence18","yes","LH LH 0 LH L-L%","LH","LH ","L-L%","no","LH L"
"46",48,"CHO-P11-target9.wav","laavanya nedvaanu kaam karti hase ","LH LH 0 LH H-L%","Chodri","P11","target9","subjFoc","sentence916","yes","LH LH 0 LH H-L%","LH","LH ","H-L%","no","LH L"
"47",49,"CHO-P12-target1.wav","ananyaa kheDvaanu kaam karti hase ","LH LH 0 LH H-L%","Chodri","P12","target1","subjFoc","sentence18","yes","LH LH 0 LH H-L%","LH","LH ","H-L%","no","LH L"
"48",50,"CHO-P12-target10.wav","laavanya aaraam karti hase ","LH LH LH L-H%","Chodri","P12","target10","predFoc","sentence710","no","LH LH LH L-H%","LH","LH ","L-H%","no","LH L"
"49",51,"CHO-P12-target11.wav","ananyaa kasrat karti hase ","LH LH LH H-L%","Chodri","P12","target11","subjFoc","sentence1114","no","LH LH LH H-L%","LH","LH ","H-L%","no","LH L"
"50",52,"CHO-P12-target12.wav","laavanya kheDvaanu kaam karti hase ","LH LH 0 LH L-H%","Chodri","P12","target12","predFoc","sentence1215","yes","LH LH 0 LH L-H%","LH","LH ","L-H%","no","LH L"
"51",53,"CHO-P12-target13.wav","ananyaa aaraam karti ha ","LH LH LH H-L%","Chodri","P12","target13","subjFoc","sentence413","no","LH LH LH H-L%","LH","LH ","H-L%","no","LH L"
"52",54,"CHO-P12-target14.wav","ananyaa kasrat karti hase ","LH LH LH L-H%","Chodri","P12","target14","predFoc","sentence1114","no","LH LH LH L-H%","LH","LH ","L-H%","no","LH L"
"53",55,"CHO-P12-target15.wav","laavanya <p> kheDvaanu kaam karti hase ","L-H% LH 0 LH H-L%","Chodri","P12","target15","subjFoc","sentence1215","yes","LH LH 0 LH H-L%","LH","LH ","H-L%","yes","L-H%"
"54",56,"CHO-P12-target16.wav","laavanya nedvaanu kaam karti hase ","LH LH 0 LH L-H%","Chodri","P12","target16","predFoc","sentence916","yes","LH LH 0 LH L-H%","LH","LH ","L-H%","no","LH L"
"55",57,"CHO-P12-target2.wav","laavanya kasrat karti hase ","LH LH LH L-H%","Chodri","P12","target2","predFoc","sentence25","no","LH LH LH L-H%","LH","LH ","L-H%","no","LH L"
"56",58,"CHO-P12-target3.wav","ananyaa nedvaanu kaam karti hase ","LH LH 0 LH L-H%","Chodri","P12","target3","subjFoc","sentence36","yes","LH LH 0 LH L-H%","LH","LH ","L-H%","no","LH L"
"57",59,"CHO-P12-target4.wav","ananyaa aaraam karti hase ","LH LH LH L-H%","Chodri","P12","target4","predFoc","sentence413","no","LH LH LH L-H%","LH","LH ","L-H%","no","LH L"
"58",60,"CHO-P12-target5.wav","laavanya kasrat karti hase ","LH LH LH H-L%","Chodri","P12","target5","subjFoc","sentence25","no","LH LH LH H-L%","LH","LH ","H-L%","no","LH L"
"59",61,"CHO-P12-target6.wav","ananyaa nedvaanu kaam karti hase ","LH LH 0 LH L-H%","Chodri","P12","target6","predFoc","sentence36","yes","LH LH 0 LH L-H%","LH","LH ","L-H%","no","LH L"
"60",62,"CHO-P12-target7.wav","laavanya aaraam karti hase ","LH LH LH H-L%","Chodri","P12","target7","subjFoc","sentence710","no","LH LH LH H-L%","LH","LH ","H-L%","no","LH L"
"61",63,"CHO-P12-target8.wav","ananyaa kheDvaanu kaam karti hase ","LH LH 0 LH L-H%","Chodri","P12","target8","predFoc","sentence18","yes","LH LH 0 LH L-H%","LH","LH ","L-H%","no","LH L"
"62",64,"CHO-P12-target9.wav","laavanya nedvaanu kaam karti hase ","LH LH 0 LH H-L%","Chodri","P12","target9","subjFoc","sentence916","yes","LH LH 0 LH H-L%","LH","LH ","H-L%","no","LH L"
"63",65,"CHO-P3-target1.wav","ananyaa kheDvaanu kaam karti hase ","LH LH 0 LH L-L%","Chodri","P3","target1","subjFoc","sentence18","yes","LH LH 0 LH L-L%","LH","LH ","L-L%","no","LH L"
"64",66,"CHO-P3-target10.wav","laavanya aaraam karti hase ","LH LH LH H-L%","Chodri","P3","target10","predFoc","sentence710","no","LH LH LH H-L%","LH","LH ","H-L%","no","LH L"
"65",67,"CHO-P3-target11.wav","ananyaa kasrat karti hase ","LH LH LH L-L%","Chodri","P3","target11","subjFoc","sentence1114","no","LH LH LH L-L%","LH","LH ","L-L%","no","LH L"
"66",68,"CHO-P3-target12.wav","laavanya kheDvaanu kaam karti hase ","LH LH 0 LH L-L%","Chodri","P3","target12","predFoc","sentence1215","yes","LH LH 0 LH L-L%","LH","LH ","L-L%","no","LH L"
"67",69,"CHO-P3-target13.wav","ananyaa aaraam karti hase ","LH LH LH L-L%","Chodri","P3","target13","subjFoc","sentence413","no","LH LH LH L-L%","LH","LH ","L-L%","no","LH L"
"68",70,"CHO-P3-target14.wav","ananyaa kasrat karti hase ","LH LH LH L-L%","Chodri","P3","target14","predFoc","sentence1114","no","LH LH LH L-L%","LH","LH ","L-L%","no","LH L"
"69",72,"CHO-P3-target16.wav","laavanya nedvaanu kaam karti hase ","LH LH 0 LH L-H%","Chodri","P3","target16","predFoc","sentence916","yes","LH LH 0 LH L-H%","LH","LH ","L-H%","no","LH L"
"70",73,"CHO-P3-target2.wav","laavanya kasrat karti hase ","LH LH LH L-L%","Chodri","P3","target2","predFoc","sentence25","no","LH LH LH L-L%","LH","LH ","L-L%","no","LH L"
"71",74,"CHO-P3-target3.wav","ananyaa nedvaanu kaam karti hase ","LH LH 0 LH L-L%","Chodri","P3","target3","subjFoc","sentence36","yes","LH LH 0 LH L-L%","LH","LH ","L-L%","no","LH L"
"72",75,"CHO-P3-target4.wav","ananyaa aaraam karti hase ","LH LH LH L-L%","Chodri","P3","target4","predFoc","sentence413","no","LH LH LH L-L%","LH","LH ","L-L%","no","LH L"
"73",76,"CHO-P3-target5.wav","laavanya kasrat karti hase ","LH LH LH L-H%","Chodri","P3","target5","subjFoc","sentence25","no","LH LH LH L-H%","LH","LH ","L-H%","no","LH L"
"74",77,"CHO-P3-target6.wav","ananyaa nedvaanu kaam karti hase ","LH LH 0 LH H-L%","Chodri","P3","target6","predFoc","sentence36","yes","LH LH 0 LH H-L%","LH","LH ","H-L%","no","LH L"
"75",78,"CHO-P3-target7.wav","laavanya aaraam karti hase ","LH LH LH L-L%","Chodri","P3","target7","subjFoc","sentence710","no","LH LH LH L-L%","LH","LH ","L-L%","no","LH L"
"76",79,"CHO-P3-target8.wav","ananyaa kheDvaanu kaam karti hase ","LH LH 0 LH L-L%","Chodri","P3","target8","predFoc","sentence18","yes","LH LH 0 LH L-L%","LH","LH ","L-L%","no","LH L"
"77",80,"CHO-P3-target9.wav","laavanya nedvaanu kaam karti hase ","LH LH 0 LH L-H%","Chodri","P3","target9","subjFoc","sentence916","yes","LH LH 0 LH L-H%","LH","LH ","L-H%","no","LH L"
"78",81,"CHO-P4-target1.wav","ananyaa kheDvaanu kaam karti hase ","LH LH LH LH H-L%","Chodri","P4","target1","subjFoc","sentence18","yes","LH LH LH LH H-L%","LH","LH ","H-L%","no","LH L"
"79",82,"CHO-P4-target10.wav","laavanya aaraam karti hase ","LH LH LH H-L%","Chodri","P4","target10","predFoc","sentence710","no","LH LH LH H-L%","LH","LH ","H-L%","no","LH L"
"80",83,"CHO-P4-target11.wav","ananyaa kasrat karti hase ","LH LH LH H-L%","Chodri","P4","target11","subjFoc","sentence1114","no","LH LH LH H-L%","LH","LH ","H-L%","no","LH L"
"81",84,"CHO-P4-target12.wav","laavanya kheDvaanu kaam karti hase ","LH LH LH LH L-L%","Chodri","P4","target12","predFoc","sentence1215","yes","LH LH LH LH L-L%","LH","LH ","L-L%","no","LH L"
"82",85,"CHO-P4-target13.wav","ananyaa aaraam karti hase ","LH LH LH L-L%","Chodri","P4","target13","subjFoc","sentence413","no","LH LH LH L-L%","LH","LH ","L-L%","no","LH L"
"83",86,"CHO-P4-target14.wav","ananyaa kasrat karti hase ","LH LH LH L-H%","Chodri","P4","target14","predFoc","sentence1114","no","LH LH LH L-H%","LH","LH ","L-H%","no","LH L"
"84",87,"CHO-P4-target15.wav","laavanya kheDvaanu kaam karti hase ","LH LH LH LH L-L%","Chodri","P4","target15","subjFoc","sentence1215","yes","LH LH LH LH L-L%","LH","LH ","L-L%","no","LH L"
"85",88,"CHO-P4-target16.wav","laavanya nedvaanu kaam karti hase ","LH LH 0 LH L-L%","Chodri","P4","target16","predFoc","sentence916","yes","LH LH 0 LH L-L%","LH","LH ","L-L%","no","LH L"
"86",89,"CHO-P4-target2.wav","laavanya kasrat karti hase ","LH LH LH L-L%","Chodri","P4","target2","predFoc","sentence25","no","LH LH LH L-L%","LH","LH ","L-L%","no","LH L"
"87",90,"CHO-P4-target3.wav","ananyaa nedvaanu kaam karti hase ","LH LH LH LH L-L%","Chodri","P4","target3","subjFoc","sentence36","yes","LH LH LH LH L-L%","LH","LH ","L-L%","no","LH L"
"88",91,"CHO-P4-target4.wav","ananyaa aaraam karti hase ","LH LH LH H-L%","Chodri","P4","target4","predFoc","sentence413","no","LH LH LH H-L%","LH","LH ","H-L%","no","LH L"
"89",92,"CHO-P4-target5.wav","laavanya kasrat karti hase ","LH LH LH L-L%","Chodri","P4","target5","subjFoc","sentence25","no","LH LH LH L-L%","LH","LH ","L-L%","no","LH L"
"90",93,"CHO-P4-target6.wav","ananyaa nedvaanu kaam karti hase ","LH LH LH LH L-L%","Chodri","P4","target6","predFoc","sentence36","yes","LH LH LH LH L-L%","LH","LH ","L-L%","no","LH L"
"91",94,"CHO-P4-target7.wav","laavanya aaraam karti hase ","LH LH LH L-H%","Chodri","P4","target7","subjFoc","sentence710","no","LH LH LH L-H%","LH","LH ","L-H%","no","LH L"
"92",95,"CHO-P4-target8.wav","ananyaa kheDvaanu kaam karti hase ","LH LH 0 LH H-L%","Chodri","P4","target8","predFoc","sentence18","yes","LH LH 0 LH H-L%","LH","LH ","H-L%","no","LH L"
"93",96,"CHO-P4-target9.wav","laavanya nedvaanu kaam karti hase ","LH LH LH LH L-L%","Chodri","P4","target9","subjFoc","sentence916","yes","LH LH LH LH L-L%","LH","LH ","L-L%","no","LH L"
"94",97,"CHO-P5-target1.wav","ananyaa kheDvaanu kaam karti hase ","LH LH LH LH L-H%","Chodri","P5","target1","subjFoc","sentence18","yes","LH LH LH LH L-H%","LH","LH ","L-H%","no","LH L"
"95",98,"CHO-P5-target10.wav","laavanya <p> aaraam karti hase ","L-H% LH LH L-H%","Chodri","P5","target10","predFoc","sentence710","no","LH LH LH L-H%","LH","LH ","L-H%","yes","L-H%"
"96",99,"CHO-P5-target11.wav","ananyaa kasrat karti hase ","LH LH LH L-H%","Chodri","P5","target11","subjFoc","sentence1114","no","LH LH LH L-H%","LH","LH ","L-H%","no","LH L"
"97",100,"CHO-P5-target12.wav","laavanya kheDvaanu kaam karti hase ","LH LH LH LH L-L%","Chodri","P5","target12","predFoc","sentence1215","yes","LH LH LH LH L-L%","LH","LH ","L-L%","no","LH L"
"98",101,"CHO-P5-target13.wav","ananyaa aaraam karti hase ","LH LH LH L-L%","Chodri","P5","target13","subjFoc","sentence413","no","LH LH LH L-L%","LH","LH ","L-L%","no","LH L"
"99",102,"CHO-P5-target14.wav","ananyaa kasrat karti hase ","LH LH LH L-L%","Chodri","P5","target14","predFoc","sentence1114","no","LH LH LH L-L%","LH","LH ","L-L%","no","LH L"
"100",103,"CHO-P5-target15.wav","laavanya kheDvaanu kaam karti hase ","LH LH LH LH L-L%","Chodri","P5","target15","subjFoc","sentence1215","yes","LH LH LH LH L-L%","LH","LH ","L-L%","no","LH L"
"101",104,"CHO-P5-target16.wav","laavanya nedvaanu kaam karti hase ","LH LH LH LH L-L%","Chodri","P5","target16","predFoc","sentence916","yes","LH LH LH LH L-L%","LH","LH ","L-L%","no","LH L"
"102",105,"CHO-P5-target2.wav","laavanya kasrat karti hase ","LH LH LH L-L%","Chodri","P5","target2","predFoc","sentence25","no","LH LH LH L-L%","LH","LH ","L-L%","no","LH L"
"103",106,"CHO-P5-target3.wav","ananyaa nedvaanu kaam karti hase ","LH LH LH LH L-L%","Chodri","P5","target3","subjFoc","sentence36","yes","LH LH LH LH L-L%","LH","LH ","L-L%","no","LH L"
"104",107,"CHO-P5-target4.wav","ananyaa aaraam karti hase ","LH LH LH L-L%","Chodri","P5","target4","predFoc","sentence413","no","LH LH LH L-L%","LH","LH ","L-L%","no","LH L"
"105",108,"CHO-P5-target5.wav","laavanya kasrat karti hase ","LH LH LH L-H%","Chodri","P5","target5","subjFoc","sentence25","no","LH LH LH L-H%","LH","LH ","L-H%","no","LH L"
"106",109,"CHO-P5-target6.wav","ananyaa nedvaanu kaam karti hase ","LH LH LH LH L-H%","Chodri","P5","target6","predFoc","sentence36","yes","LH LH LH LH L-H%","LH","LH ","L-H%","no","LH L"
"107",110,"CHO-P5-target7.wav","laavanya <p> aaraam karti hase ","L-H% LH LH L-L%","Chodri","P5","target7","subjFoc","sentence710","no","LH LH LH L-L%","LH","LH ","L-L%","yes","L-H%"
"108",111,"CHO-P5-target8.wav","ananyaa kheDvaanu kaam karti hase ","LH LH LH LH L-L%","Chodri","P5","target8","predFoc","sentence18","yes","LH LH LH LH L-L%","LH","LH ","L-L%","no","LH L"
"109",112,"CHO-P5-target9.wav","laavanya nedvaanu kaam karti hase ","LH LH LH LH H-L%","Chodri","P5","target9","subjFoc","sentence916","yes","LH LH LH LH H-L%","LH","LH ","H-L%","no","LH L"
"110",113,"CHO-P6-target1.wav","ananyaa <p> kheDvaanu kaam karti hase ","L-H% LH 0 LH L-L%","Chodri","P6","target1","subjFoc","sentence18","yes","LH LH 0 LH L-L%","LH","LH ","L-L%","yes","L-H%"
"111",114,"CHO-P6-target10.wav","laavanya aaraam karti hase ","LH LH LH L-L%","Chodri","P6","target10","predFoc","sentence710","no","LH LH LH L-L%","LH","LH ","L-L%","no","LH L"
"112",115,"CHO-P6-target11.wav","ananyaa kasrat karti hase ","LH LH 0 L-L%","Chodri","P6","target11","subjFoc","sentence1114","no","LH LH 0 L-L%","LH"," 0 ","L-L%","no","LH L"
"113",117,"CHO-P6-target13.wav","ananyaa aaraam karti hase ","LH LH 0 L-L%","Chodri","P6","target13","subjFoc","sentence413","no","LH LH 0 L-L%","LH"," 0 ","L-L%","no","LH L"
"114",118,"CHO-P6-target14.wav","ananyaa <p> kasrat karti hase ","L-H% LH 0 L-L%","Chodri","P6","target14","predFoc","sentence1114","no","LH LH 0 L-L%","LH"," 0 ","L-L%","yes","L-H%"
"115",119,"CHO-P6-target15.wav","laavanya <p> kheDvaanu kaam karti hase ","L-H% LH 0 LH L-L%","Chodri","P6","target15","subjFoc","sentence1215","yes","LH LH 0 LH L-L%","LH","LH ","L-L%","yes","L-H%"
"116",120,"CHO-P6-target16.wav","laavanya nedvaanu kaam karti hase ","LH LH 0 LH L-H%","Chodri","P6","target16","predFoc","sentence916","yes","LH LH 0 LH L-H%","LH","LH ","L-H%","no","LH L"
"117",121,"CHO-P6-target2.wav","laavanya <p> kasrat karti hase ","L-H% LH LH L-H%","Chodri","P6","target2","predFoc","sentence25","no","LH LH LH L-H%","LH","LH ","L-H%","yes","L-H%"
"118",122,"CHO-P6-target3.wav","ananyaa nedvaanu kaam karti ha ","LH LH 0 LH H-L%","Chodri","P6","target3","subjFoc","sentence36","yes","LH LH 0 LH H-L%","LH","LH ","H-L%","no","LH L"
"119",123,"CHO-P6-target4.wav","ananyaa aaraam karti hase ","LH LH LH L-H%","Chodri","P6","target4","predFoc","sentence413","no","LH LH LH L-H%","LH","LH ","L-H%","no","LH L"
"120",124,"CHO-P6-target5.wav","laavanya kasrat karti hase ","LH LH LH L-H%","Chodri","P6","target5","subjFoc","sentence25","no","LH LH LH L-H%","LH","LH ","L-H%","no","LH L"
"121",125,"CHO-P6-target6.wav","ananyaa nedvaanu kaam karti hase ","LH LH 0 LH L-L%","Chodri","P6","target6","predFoc","sentence36","yes","LH LH 0 LH L-L%","LH","LH ","L-L%","no","LH L"
"122",126,"CHO-P6-target7.wav","laavanya aaraam karti hase ","LH LH LH L-H%","Chodri","P6","target7","subjFoc","sentence710","no","LH LH LH L-H%","LH","LH ","L-H%","no","LH L"
"123",128,"CHO-P6-target9.wav","laavanya nedvaanu kaam karti hase ","LH LH 0 LH L-L%","Chodri","P6","target9","subjFoc","sentence916","yes","LH LH 0 LH L-L%","LH","LH ","L-L%","no","LH L"
"124",129,"CHO-P7-target1.wav","ananyaa kheDvaanu kaam karti hase ","LH LH 0 LH L-H%","Chodri","P7","target1","subjFoc","sentence18","yes","LH LH 0 LH L-H%","LH","LH ","L-H%","no","LH L"
"125",130,"CHO-P7-target10.wav","laavanya <p> aaraam karti hase ","L-H% LH LH L-H%","Chodri","P7","target10","predFoc","sentence710","no","LH LH LH L-H%","LH","LH ","L-H%","yes","L-H%"
"126",131,"CHO-P7-target11.wav","ananyaa <p> kasrat karti hase ","L-H% LH LH L-H%","Chodri","P7","target11","subjFoc","sentence1114","no","LH LH LH L-H%","LH","LH ","L-H%","yes","L-H%"
"127",132,"CHO-P7-target12.wav","laavanya kheDvaanu kaam karti hase ","LH LH 0 LH L-H%","Chodri","P7","target12","predFoc","sentence1215","yes","LH LH 0 LH L-H%","LH","LH ","L-H%","no","LH L"
"128",133,"CHO-P7-target13.wav","ananyaa <p> aaraam karti hase ","L-H% LH LH L-H%","Chodri","P7","target13","subjFoc","sentence413","no","LH LH LH L-H%","LH","LH ","L-H%","yes","L-H%"
"129",134,"CHO-P7-target14.wav","ananyaa kasrat karti hase ","LH LH LH L-H%","Chodri","P7","target14","predFoc","sentence1114","no","LH LH LH L-H%","LH","LH ","L-H%","no","LH L"
"130",137,"CHO-P7-target2.wav","laavanya kasrat karti hase ","LH LH LH L-H%","Chodri","P7","target2","predFoc","sentence25","no","LH LH LH L-H%","LH","LH ","L-H%","no","LH L"
"131",138,"CHO-P7-target3.wav","ananyaa nedvaanu kaam karti hase ","LH LH 0 LH L-H%","Chodri","P7","target3","subjFoc","sentence36","yes","LH LH 0 LH L-H%","LH","LH ","L-H%","no","LH L"
"132",139,"CHO-P7-target4.wav","ananyaa aaraam karti hase ","LH LH LH L-H%","Chodri","P7","target4","predFoc","sentence413","no","LH LH LH L-H%","LH","LH ","L-H%","no","LH L"
"133",140,"CHO-P7-target5.wav","laavanya kasrat karti hase ","LH LH LH L-H%","Chodri","P7","target5","subjFoc","sentence25","no","LH LH LH L-H%","LH","LH ","L-H%","no","LH L"
"134",142,"CHO-P7-target7.wav","laavanya <p> aaraam karti hase ","L-H% LH LH L-H%","Chodri","P7","target7","subjFoc","sentence710","no","LH LH LH L-H%","LH","LH ","L-H%","yes","L-H%"
"135",143,"CHO-P7-target8.wav","ananyaa kheDvaanu kaam karti hase ","LH LH 0 LH L-H%","Chodri","P7","target8","predFoc","sentence18","yes","LH LH 0 LH L-H%","LH","LH ","L-H%","no","LH L"
"136",144,"CHO-P7-target9.wav","laavanya nedvaanu kaam karti hase ","LH LH 0 LH L-H%","Chodri","P7","target9","subjFoc","sentence916","yes","LH LH 0 LH L-H%","LH","LH ","L-H%","no","LH L"
"137",145,"CHO-P8-target1.wav","ananyaa kheDvaanu kaam karti hase ","LH LH LH LH L-L%","Chodri","P8","target1","subjFoc","sentence18","yes","LH LH LH LH L-L%","LH","LH ","L-L%","no","LH L"
"138",146,"CHO-P8-target10.wav","laavanya aaraam karti hase ","LH LH LH L-L%","Chodri","P8","target10","predFoc","sentence710","no","LH LH LH L-L%","LH","LH ","L-L%","no","LH L"
"139",147,"CHO-P8-target11.wav","ananyaa kasrat karti hase ","LH LH LH L-L%","Chodri","P8","target11","subjFoc","sentence1114","no","LH LH LH L-L%","LH","LH ","L-L%","no","LH L"
"140",148,"CHO-P8-target12.wav","laavanya kheDvaanu kaam karti hase ","LH LH LH LH L-L%","Chodri","P8","target12","predFoc","sentence1215","yes","LH LH LH LH L-L%","LH","LH ","L-L%","no","LH L"
"141",149,"CHO-P8-target13.wav","ananyaa aaraam karti hase ","LH LH LH L-L%","Chodri","P8","target13","subjFoc","sentence413","no","LH LH LH L-L%","LH","LH ","L-L%","no","LH L"
"142",150,"CHO-P8-target14.wav","ananyaa kasrat karti hase ","LH LH LH L-L%","Chodri","P8","target14","predFoc","sentence1114","no","LH LH LH L-L%","LH","LH ","L-L%","no","LH L"
"143",151,"CHO-P8-target15.wav","laavanya kheDvaanu kaam karti hase ","LH LH LH LH L-L%","Chodri","P8","target15","subjFoc","sentence1215","yes","LH LH LH LH L-L%","LH","LH ","L-L%","no","LH L"
"144",152,"CHO-P8-target16.wav","laavanya nedvaanu kaam karti hase ","LH LH LH LH L-L%","Chodri","P8","target16","predFoc","sentence916","yes","LH LH LH LH L-L%","LH","LH ","L-L%","no","LH L"
"145",153,"CHO-P8-target2.wav","laavanya kasrat karti hase ","LH LH LH L-H%","Chodri","P8","target2","predFoc","sentence25","no","LH LH LH L-H%","LH","LH ","L-H%","no","LH L"
"146",154,"CHO-P8-target3.wav","ananyaa nedvaanu kaam karti hase ","LH LH LH LH L-H%","Chodri","P8","target3","subjFoc","sentence36","yes","LH LH LH LH L-H%","LH","LH ","L-H%","no","LH L"
"147",155,"CHO-P8-target4.wav","ananyaa aaraam karti hase ","LH LH LH L-H%","Chodri","P8","target4","predFoc","sentence413","no","LH LH LH L-H%","LH","LH ","L-H%","no","LH L"
"148",156,"CHO-P8-target5.wav","laavanya kasrat karti hase ","LH LH LH L-L%","Chodri","P8","target5","subjFoc","sentence25","no","LH LH LH L-L%","LH","LH ","L-L%","no","LH L"
"149",157,"CHO-P8-target6.wav","ananyaa nedvaanu kaam karti hase ","LH LH 0 LH L-L%","Chodri","P8","target6","predFoc","sentence36","yes","LH LH 0 LH L-L%","LH","LH ","L-L%","no","LH L"
"150",158,"CHO-P8-target7.wav","laavanya aaraam karti hase ","LH LH LH L-L%","Chodri","P8","target7","subjFoc","sentence710","no","LH LH LH L-L%","LH","LH ","L-L%","no","LH L"
"151",159,"CHO-P8-target8.wav","ananyaa kheDvaanu kaam karti hase ","LH LH 0 LH L-L%","Chodri","P8","target8","predFoc","sentence18","yes","LH LH 0 LH L-L%","LH","LH ","L-L%","no","LH L"
"152",160,"CHO-P8-target9.wav","laavanya nedvaanu kaam karti hase ","LH LH LH LH L-L%","Chodri","P8","target9","subjFoc","sentence916","yes","LH LH LH LH L-L%","LH","LH ","L-L%","no","LH L"
"153",161,"CHO-P9-target1.wav","ananyaa kheDvaanu kaam  karti hase ","LH LH LH LH L-L%","Chodri","P9","target1","subjFoc","sentence18","yes","LH LH LH LH L-L%","LH","LH ","L-L%","no","LH L"
"154",162,"CHO-P9-target10.wav","laavanya <p> aaraam karti hase ","L-H% LH LH L-L%","Chodri","P9","target10","predFoc","sentence710","no","LH LH LH L-L%","LH","LH ","L-L%","yes","L-H%"
"155",163,"CHO-P9-target11.wav","ananyaa kasrat karti hase ","LH LH LH L-L%","Chodri","P9","target11","subjFoc","sentence1114","no","LH LH LH L-L%","LH","LH ","L-L%","no","LH L"
"156",164,"CHO-P9-target12.wav","laavanya kheDvaanu kaam karti hase ","LH LH 0 LH L-L%","Chodri","P9","target12","predFoc","sentence1215","yes","LH LH 0 LH L-L%","LH","LH ","L-L%","no","LH L"
"157",165,"CHO-P9-target13.wav","ananyaa aaraam karti hase ","LH LH LH L-L%","Chodri","P9","target13","subjFoc","sentence413","no","LH LH LH L-L%","LH","LH ","L-L%","no","LH L"
"158",166,"CHO-P9-target14.wav","ananyaa kasrat karti hase ","LH LH LH L-L%","Chodri","P9","target14","predFoc","sentence1114","no","LH LH LH L-L%","LH","LH ","L-L%","no","LH L"
"159",167,"CHO-P9-target15.wav","laavanya kheDvaanu kaam karti hase ","LH LH 0 LH L-L%","Chodri","P9","target15","subjFoc","sentence1215","yes","LH LH 0 LH L-L%","LH","LH ","L-L%","no","LH L"
"160",168,"CHO-P9-target16.wav","laavanya nedvaanu kaam karti hase ","LH LH 0 LH L-L%","Chodri","P9","target16","predFoc","sentence916","yes","LH LH 0 LH L-L%","LH","LH ","L-L%","no","LH L"
"161",169,"CHO-P9-target2.wav","laavanya kasrat karti hase ","LH LH LH L-L%","Chodri","P9","target2","predFoc","sentence25","no","LH LH LH L-L%","LH","LH ","L-L%","no","LH L"
"162",170,"CHO-P9-target3.wav","ananyaa nedvaanu kaam karti hase ","LH LH LH LH L-H%","Chodri","P9","target3","subjFoc","sentence36","yes","LH LH LH LH L-H%","LH","LH ","L-H%","no","LH L"
"163",171,"CHO-P9-target4.wav","ananyaa <p> aaraam karti hase ","L-H% LH LH L-H%","Chodri","P9","target4","predFoc","sentence413","no","LH LH LH L-H%","LH","LH ","L-H%","yes","L-H%"
"164",172,"CHO-P9-target5.wav","laavanya kasrat karti hase ","LH LH LH L-H%","Chodri","P9","target5","subjFoc","sentence25","no","LH LH LH L-H%","LH","LH ","L-H%","no","LH L"
"165",173,"CHO-P9-target6.wav","ananyaa nedvaanu kaam karti hase ","LH LH LH LH L-H%","Chodri","P9","target6","predFoc","sentence36","yes","LH LH LH LH L-H%","LH","LH ","L-H%","no","LH L"
"166",174,"CHO-P9-target7.wav","laavanya aaraam karti hase ","LH LH LH L-H%","Chodri","P9","target7","subjFoc","sentence710","no","LH LH LH L-H%","LH","LH ","L-H%","no","LH L"
"167",175,"CHO-P9-target8.wav","ananyaa kheDvaanu kaam karti hase ","LH LH LH LH L-H%","Chodri","P9","target8","predFoc","sentence18","yes","LH LH LH LH L-H%","LH","LH ","L-H%","no","LH L"
"168",176,"CHO-P9-target9.wav","laavanya nedvaanu kaam karti hase ","LH LH LH LH L-L%","Chodri","P9","target9","subjFoc","sentence916","yes","LH LH LH LH L-L%","LH","LH ","L-L%","no","LH L"
"169",NA,"MAR-P1-target1.wav","ananyaa naangarNi karte aahe ","LH LH LH L-L%","Marathi","P1","target1","subjFoc","sentence18","no","LH LH LH L-L%","LH","LH ","L-L%","no","LH L"
"170",NA,"MAR-P1-target10.wav","laavanya aaraam karat aahe ","LH LH LH L-L%","Marathi","P1","target10","predFoc","sentence710","no","LH LH LH L-L%","LH","LH ","L-L%","no","LH L"
"171",NA,"MAR-P1-target11.wav","ananyaa vyaayaam karat aahe ","LH LH LH L-L%","Marathi","P1","target11","subjFoc","sentence1114","no","LH LH LH L-L%","LH","LH ","L-L%","no","LH L"
"172",NA,"MAR-P1-target12.wav","laavanya naangarNi karat aahe ","LH LH LH L-L%","Marathi","P1","target12","predFoc","sentence1215","no","LH LH LH L-L%","LH","LH ","L-L%","no","LH L"
"173",NA,"MAR-P1-target13.wav","ananyaa aaraam karat aahe ","LH LH LH L-L%","Marathi","P1","target13","subjFoc","sentence413","no","LH LH LH L-L%","LH","LH ","L-L%","no","LH L"
"174",NA,"MAR-P1-target14.wav","ananyaa vyaayaam karat aahe ","LH LH LH L-L%","Marathi","P1","target14","predFoc","sentence1114","no","LH LH LH L-L%","LH","LH ","L-L%","no","LH L"
"175",NA,"MAR-P1-target15.wav","laavanya naangarNi karat aahe ","LH LH LH L-L%","Marathi","P1","target15","subjFoc","sentence1215","no","LH LH LH L-L%","LH","LH ","L-L%","no","LH L"
"176",NA,"MAR-P1-target16.wav","laavanya nindaNi karat aahe ","LH LH 0 L-L%","Marathi","P1","target16","predFoc","sentence916","no","LH LH 0 L-L%","LH"," 0 ","L-L%","no","LH L"
"177",NA,"MAR-P1-target2.wav","laavanya vyaayaam karat aahe ","LH LH LH L-L%","Marathi","P1","target2","predFoc","sentence25","no","LH LH LH L-L%","LH","LH ","L-L%","no","LH L"
"178",NA,"MAR-P1-target3.wav","ananyaa nindaNi karate aahe ","LH LH LH L-L%","Marathi","P1","target3","subjFoc","sentence36","no","LH LH LH L-L%","LH","LH ","L-L%","no","LH L"
"179",NA,"MAR-P1-target4.wav","ananyaa aaraam karte aahe ","LH LH LH L-L%","Marathi","P1","target4","predFoc","sentence413","no","LH LH LH L-L%","LH","LH ","L-L%","no","LH L"
"180",NA,"MAR-P1-target5.wav","laavanya vyaayaam karat aahe ","LH LH LH L-L%","Marathi","P1","target5","subjFoc","sentence25","no","LH LH LH L-L%","LH","LH ","L-L%","no","LH L"
"181",NA,"MAR-P1-target6.wav","ananyaa nindaNi karte aahe ","LH LH LH L-L%","Marathi","P1","target6","predFoc","sentence36","no","LH LH LH L-L%","LH","LH ","L-L%","no","LH L"
"182",NA,"MAR-P1-target7.wav","laavanya aaraam karat aahe ","LH LH LH L-L%","Marathi","P1","target7","subjFoc","sentence710","no","LH LH LH L-L%","LH","LH ","L-L%","no","LH L"
"183",NA,"MAR-P1-target8.wav","ananyaa naangarNi karat aahe ","LH LH LH L-L%","Marathi","P1","target8","predFoc","sentence18","no","LH LH LH L-L%","LH","LH ","L-L%","no","LH L"
"184",NA,"MAR-P1-target9.wav","laavanya nindaNi karat aahe ","LH LH LH L-L%","Marathi","P1","target9","subjFoc","sentence916","no","LH LH LH L-L%","LH","LH ","L-L%","no","LH L"
"185",NA,"MAR-P10-target1.wav","ananyaa naangarNi karte aahe ","LH LH 0 L-L%","Marathi","P10","target1","subjFoc","sentence18","no","LH LH 0 L-L%","LH"," 0 ","L-L%","no","LH L"
"186",NA,"MAR-P10-target10.wav","laavanya aaraam karte aahe ","LH LH 0 L-H%","Marathi","P10","target10","predFoc","sentence710","no","LH LH 0 L-H%","LH"," 0 ","L-H%","no","LH L"
"187",NA,"MAR-P10-target11.wav","ananyaa vyaayaam karte aahe ","LH LH 0 L-L%","Marathi","P10","target11","subjFoc","sentence1114","no","LH LH 0 L-L%","LH"," 0 ","L-L%","no","LH L"
"188",NA,"MAR-P10-target12.wav","laavanya naangarNi karte aahe ","LH LH 0 L-H%","Marathi","P10","target12","predFoc","sentence1215","no","LH LH 0 L-H%","LH"," 0 ","L-H%","no","LH L"
"189",NA,"MAR-P10-target13.wav","ananyaa aaraam karte aahe ","LH 0 0 L-L%","Marathi","P10","target13","subjFoc","sentence413","no","LH 0 0 L-L%","0"," 0 ","L-L%","no","LH 0"
"190",NA,"MAR-P10-target15.wav","laavanya naangarNi karte aahe ","LH 0 0 L-L%","Marathi","P10","target15","subjFoc","sentence1215","no","LH 0 0 L-L%","0"," 0 ","L-L%","no","LH 0"
"191",NA,"MAR-P10-target16.wav","laavanya nindaNi karte aahe ","LH LH 0 L-L%","Marathi","P10","target16","predFoc","sentence916","no","LH LH 0 L-L%","LH"," 0 ","L-L%","no","LH L"
"192",NA,"MAR-P10-target2.wav","laavanya vyaayaam karte aahe ","LH LH 0 L-L%","Marathi","P10","target2","predFoc","sentence25","no","LH LH 0 L-L%","LH"," 0 ","L-L%","no","LH L"
"193",NA,"MAR-P10-target3.wav","ananyaa nindaNi karte aahe ","LH 0 0 L-L%","Marathi","P10","target3","subjFoc","sentence36","no","LH 0 0 L-L%","0"," 0 ","L-L%","no","LH 0"
"194",NA,"MAR-P10-target4.wav","ananyaa aaraam karte aahe ","LH LH 0 L-L%","Marathi","P10","target4","predFoc","sentence413","no","LH LH 0 L-L%","LH"," 0 ","L-L%","no","LH L"
"195",NA,"MAR-P10-target5.wav","laavanya vyaayaam karte aahe ","LH 0 0 L-H%","Marathi","P10","target5","subjFoc","sentence25","no","LH 0 0 L-H%","0"," 0 ","L-H%","no","LH 0"
"196",NA,"MAR-P10-target6.wav","ananyaa nindaNi karte aahe ","LH LH 0 L-L%","Marathi","P10","target6","predFoc","sentence36","no","LH LH 0 L-L%","LH"," 0 ","L-L%","no","LH L"
"197",NA,"MAR-P10-target7.wav","laavanya aaraam karte aahe ","LH 0 LH L-L%","Marathi","P10","target7","subjFoc","sentence710","no","LH 0 LH L-L%","0","LH ","L-L%","no","LH 0"
"198",NA,"MAR-P10-target8.wav","ananyaa naangarNi karte aahe ","LH LH 0 L-L%","Marathi","P10","target8","predFoc","sentence18","no","LH LH 0 L-L%","LH"," 0 ","L-L%","no","LH L"
"199",NA,"MAR-P10-target9.wav","laavanya nindaNi karte aahe ","LH 0 LH L-L%","Marathi","P10","target9","subjFoc","sentence916","no","LH 0 LH L-L%","0","LH ","L-L%","no","LH 0"
"200",NA,"MAR-P11-target1.wav","ananyaa naangarNi karte aahe ","LH LH LH L-L%","Marathi","P11","target1","subjFoc","sentence18","no","LH LH LH L-L%","LH","LH ","L-L%","no","LH L"
"201",NA,"MAR-P11-target10.wav","laavanya aaraam karte aahe ","LH LH LH L-L%","Marathi","P11","target10","predFoc","sentence710","no","LH LH LH L-L%","LH","LH ","L-L%","no","LH L"
"202",NA,"MAR-P11-target11.wav","ananyaa vyaayaam karte aahe ","LH LH LH L-H%","Marathi","P11","target11","subjFoc","sentence1114","no","LH LH LH L-H%","LH","LH ","L-H%","no","LH L"
"203",NA,"MAR-P11-target12.wav","laavanya naangarNi karte aahe ","LH LH LH L-L%","Marathi","P11","target12","predFoc","sentence1215","no","LH LH LH L-L%","LH","LH ","L-L%","no","LH L"
"204",NA,"MAR-P11-target13.wav","ananyaa aaraam karte aahe ","LH LH LH L-H%","Marathi","P11","target13","subjFoc","sentence413","no","LH LH LH L-H%","LH","LH ","L-H%","no","LH L"
"205",NA,"MAR-P11-target14.wav","ananyaa vyaayaam karte aahe ","LH LH LH L-H%","Marathi","P11","target14","predFoc","sentence1114","no","LH LH LH L-H%","LH","LH ","L-H%","no","LH L"
"206",NA,"MAR-P11-target15.wav","laavanya naangarNi karte aahe ","LH LH LH L-L%","Marathi","P11","target15","subjFoc","sentence1215","no","LH LH LH L-L%","LH","LH ","L-L%","no","LH L"
"207",NA,"MAR-P11-target16.wav","laavanya nindaNi karte aahe ","LH LH LH L-H%","Marathi","P11","target16","predFoc","sentence916","no","LH LH LH L-H%","LH","LH ","L-H%","no","LH L"
"208",NA,"MAR-P11-target2.wav","laavanya vyaayaam karte aahe ","LH LH 0 L-H%","Marathi","P11","target2","predFoc","sentence25","no","LH LH 0 L-H%","LH"," 0 ","L-H%","no","LH L"
"209",NA,"MAR-P11-target3.wav","ananyaa nindaNi karte aahe ","LH LH LH L-L%","Marathi","P11","target3","subjFoc","sentence36","no","LH LH LH L-L%","LH","LH ","L-L%","no","LH L"
"210",NA,"MAR-P11-target4.wav","ananyaa aaraam karte aahe ","LH LH LH L-L%","Marathi","P11","target4","predFoc","sentence413","no","LH LH LH L-L%","LH","LH ","L-L%","no","LH L"
"211",NA,"MAR-P11-target5.wav","laavanya vyaayaam karte aahe ","LH LH LH L-L%","Marathi","P11","target5","subjFoc","sentence25","no","LH LH LH L-L%","LH","LH ","L-L%","no","LH L"
"212",NA,"MAR-P11-target6.wav","ananyaa nindaNi karte aahe ","LH LH LH L-L%","Marathi","P11","target6","predFoc","sentence36","no","LH LH LH L-L%","LH","LH ","L-L%","no","LH L"
"213",NA,"MAR-P11-target7.wav","laavanya aaraam karte aahe ","LH LH LH L-H%","Marathi","P11","target7","subjFoc","sentence710","no","LH LH LH L-H%","LH","LH ","L-H%","no","LH L"
"214",NA,"MAR-P11-target8.wav","ananyaa naangarNi karte aahe ","LH LH LH L-H%","Marathi","P11","target8","predFoc","sentence18","no","LH LH LH L-H%","LH","LH ","L-H%","no","LH L"
"215",NA,"MAR-P11-target9.wav","laavanya nindaNi karte aahe ","LH LH LH L-L%","Marathi","P11","target9","subjFoc","sentence916","no","LH LH LH L-L%","LH","LH ","L-L%","no","LH L"
"216",NA,"MAR-P2-target1.wav","ananyaa naangarNi karte aahe ","LH LH LH L-L%","Marathi","P2","target1","subjFoc","sentence18","no","LH LH LH L-L%","LH","LH ","L-L%","no","LH L"
"217",NA,"MAR-P2-target10.wav","laavanya aaraam karte aahe ","LH LH LH L-L%","Marathi","P2","target10","predFoc","sentence710","no","LH LH LH L-L%","LH","LH ","L-L%","no","LH L"
"218",NA,"MAR-P2-target11.wav","ananyaa vyaayaam karte aahe ","LH LH LH L-L%","Marathi","P2","target11","subjFoc","sentence1114","no","LH LH LH L-L%","LH","LH ","L-L%","no","LH L"
"219",NA,"MAR-P2-target12.wav","laavanya naangarNi karte aahe ","LH LH LH L-L%","Marathi","P2","target12","predFoc","sentence1215","no","LH LH LH L-L%","LH","LH ","L-L%","no","LH L"
"220",NA,"MAR-P2-target13.wav","ananyaa <p> aaraam karte aahe ","L-H% LH LH L-L%","Marathi","P2","target13","subjFoc","sentence413","no","LH LH LH L-L%","LH","LH ","L-L%","yes","L-H%"
"221",NA,"MAR-P2-target14.wav","ananyaa vyaayaam karte aahe ","LH LH LH L-L%","Marathi","P2","target14","predFoc","sentence1114","no","LH LH LH L-L%","LH","LH ","L-L%","no","LH L"
"222",NA,"MAR-P2-target15.wav","laavanya naangarNi karte aahe ","LH LH LH L-L%","Marathi","P2","target15","subjFoc","sentence1215","no","LH LH LH L-L%","LH","LH ","L-L%","no","LH L"
"223",NA,"MAR-P2-target16.wav","laavanya nindaNi karte aahe ","LH LH LH L-L%","Marathi","P2","target16","predFoc","sentence916","no","LH LH LH L-L%","LH","LH ","L-L%","no","LH L"
"224",NA,"MAR-P2-target2.wav","laavanya vyaayaam karte aahe ","LH LH LH L-L%","Marathi","P2","target2","predFoc","sentence25","no","LH LH LH L-L%","LH","LH ","L-L%","no","LH L"
"225",NA,"MAR-P2-target3.wav","ananyaa nindaNi karte aahe ","LH LH LH L-L%","Marathi","P2","target3","subjFoc","sentence36","no","LH LH LH L-L%","LH","LH ","L-L%","no","LH L"
"226",NA,"MAR-P2-target4.wav","ananyaa aaraam karte aahe ","LH LH LH L-L%","Marathi","P2","target4","predFoc","sentence413","no","LH LH LH L-L%","LH","LH ","L-L%","no","LH L"
"227",NA,"MAR-P2-target5.wav","laavanya vyaayaam karte aahe ","LH LH LH L-L%","Marathi","P2","target5","subjFoc","sentence25","no","LH LH LH L-L%","LH","LH ","L-L%","no","LH L"
"228",NA,"MAR-P2-target6.wav","ananyaa nindaNi karte aahe ","LH LH LH L-L%","Marathi","P2","target6","predFoc","sentence36","no","LH LH LH L-L%","LH","LH ","L-L%","no","LH L"
"229",NA,"MAR-P2-target7.wav","laavanya aaraam karte aahe ","LH LH LH L-L%","Marathi","P2","target7","subjFoc","sentence710","no","LH LH LH L-L%","LH","LH ","L-L%","no","LH L"
"230",NA,"MAR-P2-target8.wav","ananyaa <p> naangarNi karte aahe ","L-H% LH LH L-L%","Marathi","P2","target8","predFoc","sentence18","no","LH LH LH L-L%","LH","LH ","L-L%","yes","L-H%"
"231",NA,"MAR-P2-target9.wav","laavanya nindaNi karte aahe ","LH LH LH L-L%","Marathi","P2","target9","subjFoc","sentence916","no","LH LH LH L-L%","LH","LH ","L-L%","no","LH L"
"232",NA,"MAR-P3-target1.wav","ananyaa naangarNi karat aahe ","LH LH LH L-L%","Marathi","P3","target1","subjFoc","sentence18","no","LH LH LH L-L%","LH","LH ","L-L%","no","LH L"
"233",NA,"MAR-P3-target10.wav","laavanya <p> aaraam karat aahe ","L-H% LH 0 L-H%","Marathi","P3","target10","predFoc","sentence710","no","LH LH 0 L-H%","LH"," 0 ","L-H%","yes","L-H%"
"234",NA,"MAR-P3-target11.wav","ananyaa vyaayaam karat aahe ","LH LH 0 L-H%","Marathi","P3","target11","subjFoc","sentence1114","no","LH LH 0 L-H%","LH"," 0 ","L-H%","no","LH L"
"235",NA,"MAR-P3-target12.wav","laavanya naangarNi karat aahe ","LH LH 0 L-H%","Marathi","P3","target12","predFoc","sentence1215","no","LH LH 0 L-H%","LH"," 0 ","L-H%","no","LH L"
"236",NA,"MAR-P3-target13.wav","ananyaa <p> aaraam karat aahe ","L-H% LH 0 L-H%","Marathi","P3","target13","subjFoc","sentence413","no","LH LH 0 L-H%","LH"," 0 ","L-H%","yes","L-H%"
"237",NA,"MAR-P3-target14.wav","ananyaa vyaayaam karat aahe ","LH LH 0 L-H%","Marathi","P3","target14","predFoc","sentence1114","no","LH LH 0 L-H%","LH"," 0 ","L-H%","no","LH L"
"238",NA,"MAR-P3-target15.wav","laavanya <p> naangarNi karat aahe ","L-H% LH 0 L-H%","Marathi","P3","target15","subjFoc","sentence1215","no","LH LH 0 L-H%","LH"," 0 ","L-H%","yes","L-H%"
"239",NA,"MAR-P3-target16.wav","laavanya nindaNi karat aahe ","LH LH 0 L-H%","Marathi","P3","target16","predFoc","sentence916","no","LH LH 0 L-H%","LH"," 0 ","L-H%","no","LH L"
"240",NA,"MAR-P3-target2.wav","laavanya vyaayaam karat aahe ","LH LH 0 L-H%","Marathi","P3","target2","predFoc","sentence25","no","LH LH 0 L-H%","LH"," 0 ","L-H%","no","LH L"
"241",NA,"MAR-P3-target3.wav","ananyaa nindaNi karat aahe ","LH LH 0 L-H%","Marathi","P3","target3","subjFoc","sentence36","no","LH LH 0 L-H%","LH"," 0 ","L-H%","no","LH L"
"242",NA,"MAR-P3-target4.wav","ananyaa <p> aaraam karat aahe ","L-H% LH 0 L-L%","Marathi","P3","target4","predFoc","sentence413","no","LH LH 0 L-L%","LH"," 0 ","L-L%","yes","L-H%"
"243",NA,"MAR-P3-target5.wav","laavanya vyaayaam karat aahe ","LH LH 0 L-H%","Marathi","P3","target5","subjFoc","sentence25","no","LH LH 0 L-H%","LH"," 0 ","L-H%","no","LH L"
"244",NA,"MAR-P3-target6.wav","ananyaa nindaNi karat aahe ","LH LH 0 L-H%","Marathi","P3","target6","predFoc","sentence36","no","LH LH 0 L-H%","LH"," 0 ","L-H%","no","LH L"
"245",NA,"MAR-P3-target7.wav","laavanya <p> aaraam karat aahe ","L-H% LH 0 L-H%","Marathi","P3","target7","subjFoc","sentence710","no","LH LH 0 L-H%","LH"," 0 ","L-H%","yes","L-H%"
"246",NA,"MAR-P3-target8.wav","ananyaa naangarNi karat aahe ","LH LH 0 L-H%","Marathi","P3","target8","predFoc","sentence18","no","LH LH 0 L-H%","LH"," 0 ","L-H%","no","LH L"
"247",NA,"MAR-P3-target9.wav","laavanya nindaNi karat aahe ","LH LH 0 L-H%","Marathi","P3","target9","subjFoc","sentence916","no","LH LH 0 L-H%","LH"," 0 ","L-H%","no","LH L"
"248",NA,"MAR-P4-target1.wav","ananyaa naangarNi karat aahe ","LH 0 0 L-H%","Marathi","P4","target1","subjFoc","sentence18","no","LH 0 0 L-H%","0"," 0 ","L-H%","no","LH 0"
"249",NA,"MAR-P4-target10.wav","laavanya aaraam karat aahe ","LH LH LH L-L%","Marathi","P4","target10","predFoc","sentence710","no","LH LH LH L-L%","LH","LH ","L-L%","no","LH L"
"250",NA,"MAR-P4-target11.wav","ananyaa vyaayaam karat aahe ","LH LH 0 L-L%","Marathi","P4","target11","subjFoc","sentence1114","no","LH LH 0 L-L%","LH"," 0 ","L-L%","no","LH L"
"251",NA,"MAR-P4-target12.wav","laavanya naangarNi karat aahe ","LH LH 0 L-L%","Marathi","P4","target12","predFoc","sentence1215","no","LH LH 0 L-L%","LH"," 0 ","L-L%","no","LH L"
"252",NA,"MAR-P4-target13.wav","ananyaa aaraam karat aahe ","LH LH 0 L-L%","Marathi","P4","target13","subjFoc","sentence413","no","LH LH 0 L-L%","LH"," 0 ","L-L%","no","LH L"
"253",NA,"MAR-P4-target14.wav","ananyaa vyaayaam karat aahe ","LH LH 0 L-L%","Marathi","P4","target14","predFoc","sentence1114","no","LH LH 0 L-L%","LH"," 0 ","L-L%","no","LH L"
"254",NA,"MAR-P4-target15.wav","laavanya naangarNi karat aahe ","LH 0 0 L-L%","Marathi","P4","target15","subjFoc","sentence1215","no","LH 0 0 L-L%","0"," 0 ","L-L%","no","LH 0"
"255",NA,"MAR-P4-target16.wav","laavanya nindaNi karte aahe ","LH LH LH L-L%","Marathi","P4","target16","predFoc","sentence916","no","LH LH LH L-L%","LH","LH ","L-L%","no","LH L"
"256",NA,"MAR-P4-target2.wav","laavanya vyaayaam karat aahe ","LH 0 0 L-L%","Marathi","P4","target2","predFoc","sentence25","no","LH 0 0 L-L%","0"," 0 ","L-L%","no","LH 0"
"257",NA,"MAR-P4-target3.wav","ananyaa nindaNi karte aahe ","LH LH LH L-H%","Marathi","P4","target3","subjFoc","sentence36","no","LH LH LH L-H%","LH","LH ","L-H%","no","LH L"
"258",NA,"MAR-P4-target4.wav","ananyaa aaraam karat aahe ","LH LH LH L-L%","Marathi","P4","target4","predFoc","sentence413","no","LH LH LH L-L%","LH","LH ","L-L%","no","LH L"
"259",NA,"MAR-P4-target5.wav","laavanya vyaayaam karat aahe ","LH LH LH L-L%","Marathi","P4","target5","subjFoc","sentence25","no","LH LH LH L-L%","LH","LH ","L-L%","no","LH L"
"260",NA,"MAR-P4-target6.wav","ananyaa nindaNi karat aahe ","LH LH 0 L-L%","Marathi","P4","target6","predFoc","sentence36","no","LH LH 0 L-L%","LH"," 0 ","L-L%","no","LH L"
"261",NA,"MAR-P4-target7.wav","laavanya aaraam karat aahe ","LH 0 0 L-L%","Marathi","P4","target7","subjFoc","sentence710","no","LH 0 0 L-L%","0"," 0 ","L-L%","no","LH 0"
"262",NA,"MAR-P4-target8.wav","ananyaa naangarNi karat aahe ","LH LH 0 L-L%","Marathi","P4","target8","predFoc","sentence18","no","LH LH 0 L-L%","LH"," 0 ","L-L%","no","LH L"
"263",NA,"MAR-P4-target9.wav","laavanya nindaNi karat aahe ","LH LH 0 L-L%","Marathi","P4","target9","subjFoc","sentence916","no","LH LH 0 L-L%","LH"," 0 ","L-L%","no","LH L"
"264",NA,"MAR-P5-target1.wav","ananyaa naangarNi karte aahe ","LH LH 0 L-L%","Marathi","P5","target1","subjFoc","sentence18","no","LH LH 0 L-L%","LH"," 0 ","L-L%","no","LH L"
"265",NA,"MAR-P5-target10.wav","laavanya aaraam karte aahe ","LH LH 0 L-L%","Marathi","P5","target10","predFoc","sentence710","no","LH LH 0 L-L%","LH"," 0 ","L-L%","no","LH L"
"266",NA,"MAR-P5-target11.wav","ananyaa vyaayaam karte aahe ","LH LH 0 L-L%","Marathi","P5","target11","subjFoc","sentence1114","no","LH LH 0 L-L%","LH"," 0 ","L-L%","no","LH L"
"267",NA,"MAR-P5-target12.wav","laavanya naangarNi karte aahe ","LH LH 0 L-L%","Marathi","P5","target12","predFoc","sentence1215","no","LH LH 0 L-L%","LH"," 0 ","L-L%","no","LH L"
"268",NA,"MAR-P5-target13.wav","ananyaa aaraam karte aahe ","LH LH 0 L-L%","Marathi","P5","target13","subjFoc","sentence413","no","LH LH 0 L-L%","LH"," 0 ","L-L%","no","LH L"
"269",NA,"MAR-P5-target14.wav","ananyaa vyaayaam karte aahe ","LH LH 0 L-L%","Marathi","P5","target14","predFoc","sentence1114","no","LH LH 0 L-L%","LH"," 0 ","L-L%","no","LH L"
"270",NA,"MAR-P5-target15.wav","laavanya naangarNi karte aahe ","LH LH 0 L-L%","Marathi","P5","target15","subjFoc","sentence1215","no","LH LH 0 L-L%","LH"," 0 ","L-L%","no","LH L"
"271",NA,"MAR-P5-target16.wav","laavanya nindaNi karte aahe ","LH LH 0 L-L%","Marathi","P5","target16","predFoc","sentence916","no","LH LH 0 L-L%","LH"," 0 ","L-L%","no","LH L"
"272",NA,"MAR-P5-target2.wav","laavanya vyaayaam karte aahe ","LH LH 0 L-L%","Marathi","P5","target2","predFoc","sentence25","no","LH LH 0 L-L%","LH"," 0 ","L-L%","no","LH L"
"273",NA,"MAR-P5-target3.wav","ananyaa nindaNi karte aahe ","LH LH 0 L-L%","Marathi","P5","target3","subjFoc","sentence36","no","LH LH 0 L-L%","LH"," 0 ","L-L%","no","LH L"
"274",NA,"MAR-P5-target4.wav","ananyaa aaraam karte aahe ","LH LH 0 L-L%","Marathi","P5","target4","predFoc","sentence413","no","LH LH 0 L-L%","LH"," 0 ","L-L%","no","LH L"
"275",NA,"MAR-P5-target5.wav","laavanya vyaayaam karte aahe ","LH LH 0 L-L%","Marathi","P5","target5","subjFoc","sentence25","no","LH LH 0 L-L%","LH"," 0 ","L-L%","no","LH L"
"276",NA,"MAR-P5-target6.wav","ananyaa nindaNi karte aahe ","LH LH 0 L-L%","Marathi","P5","target6","predFoc","sentence36","no","LH LH 0 L-L%","LH"," 0 ","L-L%","no","LH L"
"277",NA,"MAR-P5-target7.wav","laavanya aaraam karte aahe ","LH LH 0 L-L%","Marathi","P5","target7","subjFoc","sentence710","no","LH LH 0 L-L%","LH"," 0 ","L-L%","no","LH L"
"278",NA,"MAR-P5-target8.wav","ananyaa naangarNi karte aahe ","LH LH 0 L-L%","Marathi","P5","target8","predFoc","sentence18","no","LH LH 0 L-L%","LH"," 0 ","L-L%","no","LH L"
"279",NA,"MAR-P5-target9.wav","laavanya nindaNi karte aahe ","LH LH 0 L-L%","Marathi","P5","target9","subjFoc","sentence916","no","LH LH 0 L-L%","LH"," 0 ","L-L%","no","LH L"
"280",NA,"MAR-P6-target1.wav","ananyaa naangarNi karte aahe ","LH LH 0 L-L%","Marathi","P6","target1","subjFoc","sentence18","no","LH LH 0 L-L%","LH"," 0 ","L-L%","no","LH L"
"281",NA,"MAR-P6-target10.wav","laavanya aaraam karte aahe ","LH LH LH L-L%","Marathi","P6","target10","predFoc","sentence710","no","LH LH LH L-L%","LH","LH ","L-L%","no","LH L"
"282",NA,"MAR-P6-target11.wav","ananyaa vyaayaam karte aahe ","LH 0 0 L-L%","Marathi","P6","target11","subjFoc","sentence1114","no","LH 0 0 L-L%","0"," 0 ","L-L%","no","LH 0"
"283",NA,"MAR-P6-target12.wav","laavanya naangarNi karte aahe ","LH LH 0 L-L%","Marathi","P6","target12","predFoc","sentence1215","no","LH LH 0 L-L%","LH"," 0 ","L-L%","no","LH L"
"284",NA,"MAR-P6-target13.wav","ananyaa aaraam karte aahe ","LH LH 0 L-L%","Marathi","P6","target13","subjFoc","sentence413","no","LH LH 0 L-L%","LH"," 0 ","L-L%","no","LH L"
"285",NA,"MAR-P6-target14.wav","ananyaa vyaayaam karat aahe ","LH LH 0 L-L%","Marathi","P6","target14","predFoc","sentence1114","no","LH LH 0 L-L%","LH"," 0 ","L-L%","no","LH L"
"286",NA,"MAR-P6-target15.wav","laavanya naangarNi karat aahe ","LH 0 0 L-L%","Marathi","P6","target15","subjFoc","sentence1215","no","LH 0 0 L-L%","0"," 0 ","L-L%","no","LH 0"
"287",NA,"MAR-P6-target16.wav","laavanya nindaNi karat aahe ","LH LH 0 L-L%","Marathi","P6","target16","predFoc","sentence916","no","LH LH 0 L-L%","LH"," 0 ","L-L%","no","LH L"
"288",NA,"MAR-P6-target2.wav","laavanya vyaayaam karte aahe ","LH LH 0 L-L%","Marathi","P6","target2","predFoc","sentence25","no","LH LH 0 L-L%","LH"," 0 ","L-L%","no","LH L"
"289",NA,"MAR-P6-target3.wav","ananyaa nindaNi karte aahe ","LH 0 0 L-L%","Marathi","P6","target3","subjFoc","sentence36","no","LH 0 0 L-L%","0"," 0 ","L-L%","no","LH 0"
"290",NA,"MAR-P6-target4.wav","ananyaa <p> aaraam karte aahe ","L-H% LH 0 L-L%","Marathi","P6","target4","predFoc","sentence413","no","LH LH 0 L-L%","LH"," 0 ","L-L%","yes","L-H%"
"291",NA,"MAR-P6-target6.wav","ananyaa nindaNi karte aahe ","LH LH 0 L-L%","Marathi","P6","target6","predFoc","sentence36","no","LH LH 0 L-L%","LH"," 0 ","L-L%","no","LH L"
"292",NA,"MAR-P6-target7.wav","laavanya aaraam karte aahe ","LH 0 0 L-L%","Marathi","P6","target7","subjFoc","sentence710","no","LH 0 0 L-L%","0"," 0 ","L-L%","no","LH 0"
"293",NA,"MAR-P6-target8.wav","ananyaa naangarNi karte aahe ","LH LH 0 L-L%","Marathi","P6","target8","predFoc","sentence18","no","LH LH 0 L-L%","LH"," 0 ","L-L%","no","LH L"
"294",NA,"MAR-P6-target9.wav","laavanya nindaNi karte aahe ","LH 0 0 L-L%","Marathi","P6","target9","subjFoc","sentence916","no","LH 0 0 L-L%","0"," 0 ","L-L%","no","LH 0"
"295",NA,"MAR-P7-target1.wav","ananyaa naangarNi karte aahe ","LH LH LH L-L%","Marathi","P7","target1","subjFoc","sentence18","no","LH LH LH L-L%","LH","LH ","L-L%","no","LH L"
"296",NA,"MAR-P7-target10.wav","laavanya aaraam karte aahe ","LH LH LH L-L%","Marathi","P7","target10","predFoc","sentence710","no","LH LH LH L-L%","LH","LH ","L-L%","no","LH L"
"297",NA,"MAR-P7-target11.wav","ananyaa vyaayaam karte aahe ","LH LH LH L-H%","Marathi","P7","target11","subjFoc","sentence1114","no","LH LH LH L-H%","LH","LH ","L-H%","no","LH L"
"298",NA,"MAR-P7-target12.wav","laavanya naangarNi karte aahe ","LH LH LH L-L%","Marathi","P7","target12","predFoc","sentence1215","no","LH LH LH L-L%","LH","LH ","L-L%","no","LH L"
"299",NA,"MAR-P7-target13.wav","ananyaa aaraam karte aahe ","LH LH LH L-L%","Marathi","P7","target13","subjFoc","sentence413","no","LH LH LH L-L%","LH","LH ","L-L%","no","LH L"
"300",NA,"MAR-P7-target14.wav","ananyaa vyaayaam karte aahe ","LH LH LH L-L%","Marathi","P7","target14","predFoc","sentence1114","no","LH LH LH L-L%","LH","LH ","L-L%","no","LH L"
"301",NA,"MAR-P7-target15.wav","laavanya naangarNi karte aahe ","LH LH 0 L-L%","Marathi","P7","target15","subjFoc","sentence1215","no","LH LH 0 L-L%","LH"," 0 ","L-L%","no","LH L"
"302",NA,"MAR-P7-target16.wav","laavanya nindaNi karte aahe ","LH LH 0 L-L%","Marathi","P7","target16","predFoc","sentence916","no","LH LH 0 L-L%","LH"," 0 ","L-L%","no","LH L"
"303",NA,"MAR-P7-target2.wav","laavanya vyaayaam karte aahe ","LH LH LH L-L%","Marathi","P7","target2","predFoc","sentence25","no","LH LH LH L-L%","LH","LH ","L-L%","no","LH L"
"304",NA,"MAR-P7-target3.wav","ananyaa nindaNi karte aahe ","LH LH LH L-L%","Marathi","P7","target3","subjFoc","sentence36","no","LH LH LH L-L%","LH","LH ","L-L%","no","LH L"
"305",NA,"MAR-P7-target4.wav","ananyaa aaraam karte aahe ","LH LH LH L-L%","Marathi","P7","target4","predFoc","sentence413","no","LH LH LH L-L%","LH","LH ","L-L%","no","LH L"
"306",NA,"MAR-P7-target5.wav","laavanya vyaayaam karte aahe ","LH LH LH L-L%","Marathi","P7","target5","subjFoc","sentence25","no","LH LH LH L-L%","LH","LH ","L-L%","no","LH L"
"307",NA,"MAR-P7-target6.wav","ananyaa nindaNi karte aahe ","LH LH LH L-L%","Marathi","P7","target6","predFoc","sentence36","no","LH LH LH L-L%","LH","LH ","L-L%","no","LH L"
"308",NA,"MAR-P7-target7.wav","laavanya aaraam karte aahe ","LH LH 0 L-L%","Marathi","P7","target7","subjFoc","sentence710","no","LH LH 0 L-L%","LH"," 0 ","L-L%","no","LH L"
"309",NA,"MAR-P7-target8.wav","ananyaa naangarNi karte aahe ","LH LH LH L-L%","Marathi","P7","target8","predFoc","sentence18","no","LH LH LH L-L%","LH","LH ","L-L%","no","LH L"
"310",NA,"MAR-P7-target9.wav","laavanya nindaNi karte aahe ","LH LH LH L-L%","Marathi","P7","target9","subjFoc","sentence916","no","LH LH LH L-L%","LH","LH ","L-L%","no","LH L"
"311",NA,"MAR-P8-target1.wav","ananyaa naangarNi karat aahe ","LH 0 LH L-H%","Marathi","P8","target1","subjFoc","sentence18","no","LH 0 LH L-H%","0","LH ","L-H%","no","LH 0"
"312",NA,"MAR-P8-target10.wav","laavanya <p> aaraam karte aahe ","L-H% LH 0 L-H%","Marathi","P8","target10","predFoc","sentence710","no","LH LH 0 L-H%","LH"," 0 ","L-H%","yes","L-H%"
"313",NA,"MAR-P8-target11.wav","ananyaa vyaayaam karat aahe ","LH 0 0 L-H%","Marathi","P8","target11","subjFoc","sentence1114","no","LH 0 0 L-H%","0"," 0 ","L-H%","no","LH 0"
"314",NA,"MAR-P8-target12.wav","laavanya naangarNi karat aahe ","LH LH 0 L-L%","Marathi","P8","target12","predFoc","sentence1215","no","LH LH 0 L-L%","LH"," 0 ","L-L%","no","LH L"
"315",NA,"MAR-P8-target13.wav","ananyaa aaraam karat aahe ","LH 0 0 L-H%","Marathi","P8","target13","subjFoc","sentence413","no","LH 0 0 L-H%","0"," 0 ","L-H%","no","LH 0"
"316",NA,"MAR-P8-target14.wav","ananyaa vyaayaam karte aahe ","LH LH 0 L-L%","Marathi","P8","target14","predFoc","sentence1114","no","LH LH 0 L-L%","LH"," 0 ","L-L%","no","LH L"
"317",NA,"MAR-P8-target15.wav","laavanya naangarNi karat aahe ","LH LH 0 L-L%","Marathi","P8","target15","subjFoc","sentence1215","no","LH LH 0 L-L%","LH"," 0 ","L-L%","no","LH L"
"318",NA,"MAR-P8-target16.wav","laavanya nindaNi karat aahe ","LH LH 0 L-H%","Marathi","P8","target16","predFoc","sentence916","no","LH LH 0 L-H%","LH"," 0 ","L-H%","no","LH L"
"319",NA,"MAR-P8-target2.wav","laavanya vyaayaam karat aahe ","LH LH LH L-H%","Marathi","P8","target2","predFoc","sentence25","no","LH LH LH L-H%","LH","LH ","L-H%","no","LH L"
"320",NA,"MAR-P8-target3.wav","ananyaa nindaNi karat aahe ","LH LH 0 L-H%","Marathi","P8","target3","subjFoc","sentence36","no","LH LH 0 L-H%","LH"," 0 ","L-H%","no","LH L"
"321",NA,"MAR-P8-target4.wav","ananyaa <p> aaraam karat aahe ","L-H% LH 0 L-H%","Marathi","P8","target4","predFoc","sentence413","no","LH LH 0 L-H%","LH"," 0 ","L-H%","yes","L-H%"
"322",NA,"MAR-P8-target5.wav","laavanya vyaayaam karat aahe ","LH 0 LH L-H%","Marathi","P8","target5","subjFoc","sentence25","no","LH 0 LH L-H%","0","LH ","L-H%","no","LH 0"
"323",NA,"MAR-P8-target6.wav","ananyaa nindaNi karat aahe ","LH LH 0 L-H%","Marathi","P8","target6","predFoc","sentence36","no","LH LH 0 L-H%","LH"," 0 ","L-H%","no","LH L"
"324",NA,"MAR-P8-target7.wav","laavanya aaraam karat aahe ","LH LH LH L-H%","Marathi","P8","target7","subjFoc","sentence710","no","LH LH LH L-H%","LH","LH ","L-H%","no","LH L"
"325",NA,"MAR-P8-target8.wav","ananyaa naangarNi karat aahe ","LH LH 0 L-H%","Marathi","P8","target8","predFoc","sentence18","no","LH LH 0 L-H%","LH"," 0 ","L-H%","no","LH L"
"326",NA,"MAR-P8-target9.wav","laavanya nindaNi karat aahe ","LH 0 0 L-H%","Marathi","P8","target9","subjFoc","sentence916","no","LH 0 0 L-H%","0"," 0 ","L-H%","no","LH 0"
"327",NA,"MAR-P9-target1.wav","ananyaa naangarNi karte aahe ","LH LH 0 L-H%","Marathi","P9","target1","subjFoc","sentence18","no","LH LH 0 L-H%","LH"," 0 ","L-H%","no","LH L"
"328",NA,"MAR-P9-target10.wav","laavanya aaraam karte aahe ","LH LH 0 L-L%","Marathi","P9","target10","predFoc","sentence710","no","LH LH 0 L-L%","LH"," 0 ","L-L%","no","LH L"
"329",NA,"MAR-P9-target11.wav","ananyaa vyaayaam karte aahe ","LH LH 0 L-L%","Marathi","P9","target11","subjFoc","sentence1114","no","LH LH 0 L-L%","LH"," 0 ","L-L%","no","LH L"
"330",NA,"MAR-P9-target12.wav","laavanya naangarNi karte aahe ","LH LH LH L-L%","Marathi","P9","target12","predFoc","sentence1215","no","LH LH LH L-L%","LH","LH ","L-L%","no","LH L"
"331",NA,"MAR-P9-target13.wav","ananyaa aaraam karte aahe ","LH LH 0 L-L%","Marathi","P9","target13","subjFoc","sentence413","no","LH LH 0 L-L%","LH"," 0 ","L-L%","no","LH L"
"332",NA,"MAR-P9-target14.wav","ananyaa vyaayaam karte aahe ","LH LH 0 L-H%","Marathi","P9","target14","predFoc","sentence1114","no","LH LH 0 L-H%","LH"," 0 ","L-H%","no","LH L"
"333",NA,"MAR-P9-target15.wav","laavanya naangarNi karte aahe ","LH LH 0 L-H%","Marathi","P9","target15","subjFoc","sentence1215","no","LH LH 0 L-H%","LH"," 0 ","L-H%","no","LH L"
"334",NA,"MAR-P9-target16.wav","laavanya nindaNi karte aahe ","LH LH 0 L-H%","Marathi","P9","target16","predFoc","sentence916","no","LH LH 0 L-H%","LH"," 0 ","L-H%","no","LH L"
"335",NA,"MAR-P9-target2.wav","laavanya vyaayaam karte aahe ","LH LH 0 L-L%","Marathi","P9","target2","predFoc","sentence25","no","LH LH 0 L-L%","LH"," 0 ","L-L%","no","LH L"
"336",NA,"MAR-P9-target3.wav","ananyaa nindaNi karte aahe ","LH LH LH L-L%","Marathi","P9","target3","subjFoc","sentence36","no","LH LH LH L-L%","LH","LH ","L-L%","no","LH L"
"337",NA,"MAR-P9-target4.wav","ananyaa aaraam karte aahe ","LH LH 0 L-H%","Marathi","P9","target4","predFoc","sentence413","no","LH LH 0 L-H%","LH"," 0 ","L-H%","no","LH L"
"338",NA,"MAR-P9-target5.wav","laavanya vyaayaam karte aahe ","LH LH LH L-H%","Marathi","P9","target5","subjFoc","sentence25","no","LH LH LH L-H%","LH","LH ","L-H%","no","LH L"
"339",NA,"MAR-P9-target6.wav","ananyaa nindaNi karte aahe ","LH LH LH L-L%","Marathi","P9","target6","predFoc","sentence36","no","LH LH LH L-L%","LH","LH ","L-L%","no","LH L"
"340",NA,"MAR-P9-target7.wav","laavanya aaraam karte aahe ","LH LH LH L-L%","Marathi","P9","target7","subjFoc","sentence710","no","LH LH LH L-L%","LH","LH ","L-L%","no","LH L"
"341",NA,"MAR-P9-target8.wav","ananyaa naangarNi karte aahe ","LH LH 0 L-H%","Marathi","P9","target8","predFoc","sentence18","no","LH LH 0 L-H%","LH"," 0 ","L-H%","no","LH L"
"342",NA,"MAR-P9-target9.wav","laavanya nindaNi karte aahe ","LH 0 0 L-H%","Marathi","P9","target9","subjFoc","sentence916","no","LH 0 0 L-H%","0"," 0 ","L-H%","no","LH 0"
"343",NA,"GUJ-P1-target1.wav","ananyaa kheDvaanu kaam kare che ","LH 0 0 0 L-L%","Gujarati","P1","target1","subjFoc","sentence18","yes","LH 0 0 0 L-L%","0"," 0 ","L-L%","no","LH 0"
"344",NA,"GUJ-P1-target10.wav","laavanya aaraam kare che ","LH LH 0 L-L%","Gujarati","P1","target10","predFoc","sentence710","no","LH LH 0 L-L%","LH"," 0 ","L-L%","no","LH L"
"345",NA,"GUJ-P1-target11.wav","ananyaa vyaayaam kare che ","LH LH 0 L-L%","Gujarati","P1","target11","subjFoc","sentence1114","no","LH LH 0 L-L%","LH"," 0 ","L-L%","no","LH L"
"346",NA,"GUJ-P1-target12.wav","laavanya <p> kheDvaanu kaam kare che ","L-H% LH 0 0 L-L%","Gujarati","P1","target12","predFoc","sentence1215","yes","LH LH 0 0 L-L%","LH"," 0 ","L-L%","yes","L-H%"
"347",NA,"GUJ-P1-target13.wav","ananyaa aaraam kare che ","LH LH 0 L-L%","Gujarati","P1","target13","subjFoc","sentence413","no","LH LH 0 L-L%","LH"," 0 ","L-L%","no","LH L"
"348",NA,"GUJ-P1-target14.wav","ananyaa vyaayaam kare che ","LH LH 0 L-L%","Gujarati","P1","target14","predFoc","sentence1114","no","LH LH 0 L-L%","LH"," 0 ","L-L%","no","LH L"
"349",NA,"GUJ-P1-target15.wav","laavanya <p> kheDvaanu kaam kare che ","L-H% LH 0 0 L-L%","Gujarati","P1","target15","subjFoc","sentence1215","yes","LH LH 0 0 L-L%","LH"," 0 ","L-L%","yes","L-H%"
"350",NA,"GUJ-P1-target16.wav","laavanya nindvaanu kaam kare che ","LH LH 0 0 L-L%","Gujarati","P1","target16","predFoc","sentence916","yes","LH LH 0 0 L-L%","LH"," 0 ","L-L%","no","LH L"
"351",NA,"GUJ-P1-target2.wav","laavanya vyaayaam kare che ","LH LH LH L-L%","Gujarati","P1","target2","predFoc","sentence25","no","LH LH LH L-L%","LH","LH ","L-L%","no","LH L"
"352",NA,"GUJ-P1-target3.wav","ananyaa nindvaanu kaam kare che ","LH LH 0 0 L-L%","Gujarati","P1","target3","subjFoc","sentence36","yes","LH LH 0 0 L-L%","LH"," 0 ","L-L%","no","LH L"
"353",NA,"GUJ-P1-target4.wav","ananyaa aaraam kare che ","LH LH 0 L-L%","Gujarati","P1","target4","predFoc","sentence413","no","LH LH 0 L-L%","LH"," 0 ","L-L%","no","LH L"
"354",NA,"GUJ-P1-target5.wav","laavanya vyaayaam kare che ","LH LH 0 L-L%","Gujarati","P1","target5","subjFoc","sentence25","no","LH LH 0 L-L%","LH"," 0 ","L-L%","no","LH L"
"355",NA,"GUJ-P1-target6.wav","ananyaa nindvaanu kaam kare che ","LH LH 0 LH L-L%","Gujarati","P1","target6","predFoc","sentence36","yes","LH LH 0 LH L-L%","LH","LH ","L-L%","no","LH L"
"356",NA,"GUJ-P1-target7.wav","laavanya aaraam kare che ","LH LH 0 L-L%","Gujarati","P1","target7","subjFoc","sentence710","no","LH LH 0 L-L%","LH"," 0 ","L-L%","no","LH L"
"357",NA,"GUJ-P1-target8.wav","ananyaa kheDvaanu kaam kare che ","LH LH LH 0 L-L%","Gujarati","P1","target8","predFoc","sentence18","yes","LH LH LH 0 L-L%","LH"," 0 ","L-L%","no","LH L"
"358",NA,"GUJ-P1-target9.wav","laavanya nindvaanu kaam kare che ","LH LH LH 0 L-L%","Gujarati","P1","target9","subjFoc","sentence916","yes","LH LH LH 0 L-L%","LH"," 0 ","L-L%","no","LH L"
"359",NA,"GUJ-P10-target1.wav","ananyaa kheDvaanu kaam kare che ","LH 0 0 0 L-L%","Gujarati","P10","target1","subjFoc","sentence18","yes","LH 0 0 0 L-L%","0"," 0 ","L-L%","no","LH 0"
"360",NA,"GUJ-P10-target10.wav","laavanya aaraam kare che ","LH LH LH L-L%","Gujarati","P10","target10","predFoc","sentence710","no","LH LH LH L-L%","LH","LH ","L-L%","no","LH L"
"361",NA,"GUJ-P10-target11.wav","ananyaa vyaayaam kare che ","LH LH LH L-L%","Gujarati","P10","target11","subjFoc","sentence1114","no","LH LH LH L-L%","LH","LH ","L-L%","no","LH L"
"362",NA,"GUJ-P10-target12.wav","laavanya kheDvaanu kaam kare che ","LH LH LH 0 L-L%","Gujarati","P10","target12","predFoc","sentence1215","yes","LH LH LH 0 L-L%","LH"," 0 ","L-L%","no","LH L"
"363",NA,"GUJ-P10-target13.wav","ananyaa <p> aaraam kare che ","L-H% 0 LH L-L%","Gujarati","P10","target13","subjFoc","sentence413","no","LH 0 LH L-L%","0","LH ","L-L%","yes","L-H%"
"364",NA,"GUJ-P10-target14.wav","ananyaa vyaayaam kare che ","LH LH LH L-L%","Gujarati","P10","target14","predFoc","sentence1114","no","LH LH LH L-L%","LH","LH ","L-L%","no","LH L"
"365",NA,"GUJ-P10-target15.wav","laavanya kheDvaanu kaam kare che ","LH LH LH LH L-L%","Gujarati","P10","target15","subjFoc","sentence1215","yes","LH LH LH LH L-L%","LH","LH ","L-L%","no","LH L"
"366",NA,"GUJ-P10-target16.wav","laavanya nindvaanu kaam kare che ","LH LH 0 LH L-L%","Gujarati","P10","target16","predFoc","sentence916","yes","LH LH 0 LH L-L%","LH","LH ","L-L%","no","LH L"
"367",NA,"GUJ-P10-target2.wav","laavanya vyaayaam kare che ","LH LH 0 L-L%","Gujarati","P10","target2","predFoc","sentence25","no","LH LH 0 L-L%","LH"," 0 ","L-L%","no","LH L"
"368",NA,"GUJ-P10-target3.wav","ananyaa nindvaanu kaam kare che ","LH LH 0 0 L-L%","Gujarati","P10","target3","subjFoc","sentence36","yes","LH LH 0 0 L-L%","LH"," 0 ","L-L%","no","LH L"
"369",NA,"GUJ-P10-target4.wav","ananyaa aaraam kare che ","LH LH LH L-L%","Gujarati","P10","target4","predFoc","sentence413","no","LH LH LH L-L%","LH","LH ","L-L%","no","LH L"
"370",NA,"GUJ-P10-target5.wav","laavanya vyaayaam kare che ","LH LH 0 H-L%","Gujarati","P10","target5","subjFoc","sentence25","no","LH LH 0 H-L%","LH"," 0 ","H-L%","no","LH L"
"371",NA,"GUJ-P10-target6.wav","ananyaa nindvaanu kaam kare che ","LH LH LH LH L-L%","Gujarati","P10","target6","predFoc","sentence36","yes","LH LH LH LH L-L%","LH","LH ","L-L%","no","LH L"
"372",NA,"GUJ-P10-target7.wav","laavanya aaraam kare che ","LH LH LH H-L%","Gujarati","P10","target7","subjFoc","sentence710","no","LH LH LH H-L%","LH","LH ","H-L%","no","LH L"
"373",NA,"GUJ-P10-target8.wav","ananyaa kheDvaanu kaam kare che ","LH LH LH LH L-L%","Gujarati","P10","target8","predFoc","sentence18","yes","LH LH LH LH L-L%","LH","LH ","L-L%","no","LH L"
"374",NA,"GUJ-P10-target9.wav","laavanya nindvaanu kaam kare che ","LH LH LH LH L-L%","Gujarati","P10","target9","subjFoc","sentence916","yes","LH LH LH LH L-L%","LH","LH ","L-L%","no","LH L"
"375",NA,"GUJ-P11-target1.wav","ananyaa kheDvaanu kaam kare che ","LH LH LH LH L-L%","Gujarati","P11","target1","subjFoc","sentence18","yes","LH LH LH LH L-L%","LH","LH ","L-L%","no","LH L"
"376",NA,"GUJ-P11-target10.wav","laavanya aaraam kare che ","LH LH LH L-L%","Gujarati","P11","target10","predFoc","sentence710","no","LH LH LH L-L%","LH","LH ","L-L%","no","LH L"
"377",NA,"GUJ-P11-target11.wav","ananyaa vyaayaam kare che ","LH LH LH L-H%","Gujarati","P11","target11","subjFoc","sentence1114","no","LH LH LH L-H%","LH","LH ","L-H%","no","LH L"
"378",NA,"GUJ-P11-target12.wav","laavanya kheDvaanu kaam kare che ","LH LH LH LH L-L%","Gujarati","P11","target12","predFoc","sentence1215","yes","LH LH LH LH L-L%","LH","LH ","L-L%","no","LH L"
"379",NA,"GUJ-P11-target13.wav","ananyaa aaraam kare che ","LH LH LH H-L%","Gujarati","P11","target13","subjFoc","sentence413","no","LH LH LH H-L%","LH","LH ","H-L%","no","LH L"
"380",NA,"GUJ-P11-target14.wav","ananyaa vyaayaam kare che ","LH LH LH H-L%","Gujarati","P11","target14","predFoc","sentence1114","no","LH LH LH H-L%","LH","LH ","H-L%","no","LH L"
"381",NA,"GUJ-P11-target15.wav","laavanya kheDvaanu kaam kare che ","LH LH LH LH L-L%","Gujarati","P11","target15","subjFoc","sentence1215","yes","LH LH LH LH L-L%","LH","LH ","L-L%","no","LH L"
"382",NA,"GUJ-P11-target16.wav","laavanya nindvaanu kaam kare che ","LH LH LH LH L-L%","Gujarati","P11","target16","predFoc","sentence916","yes","LH LH LH LH L-L%","LH","LH ","L-L%","no","LH L"
"383",NA,"GUJ-P11-target2.wav","laavanya vyaayaam kare che ","LH LH LH L-L%","Gujarati","P11","target2","predFoc","sentence25","no","LH LH LH L-L%","LH","LH ","L-L%","no","LH L"
"384",NA,"GUJ-P11-target3.wav","ananyaa nindvaanu kaam kare che ","LH LH LH LH L-L%","Gujarati","P11","target3","subjFoc","sentence36","yes","LH LH LH LH L-L%","LH","LH ","L-L%","no","LH L"
"385",NA,"GUJ-P11-target4.wav","ananyaa aaraam kare che ","LH LH LH L-L%","Gujarati","P11","target4","predFoc","sentence413","no","LH LH LH L-L%","LH","LH ","L-L%","no","LH L"
"386",NA,"GUJ-P11-target5.wav","laavanya vyaayaam kare che ","LH LH 0 L-L%","Gujarati","P11","target5","subjFoc","sentence25","no","LH LH 0 L-L%","LH"," 0 ","L-L%","no","LH L"
"387",NA,"GUJ-P11-target6.wav","ananyaa nindvaanu kaam kare che ","LH LH 0 LH L-H%","Gujarati","P11","target6","predFoc","sentence36","yes","LH LH 0 LH L-H%","LH","LH ","L-H%","no","LH L"
"388",NA,"GUJ-P11-target7.wav","laavanya aaraam kare che ","LH LH LH L-L%","Gujarati","P11","target7","subjFoc","sentence710","no","LH LH LH L-L%","LH","LH ","L-L%","no","LH L"
"389",NA,"GUJ-P11-target8.wav","ananyaa kheDvaanu kaam kare che ","LH LH 0 LH L-L%","Gujarati","P11","target8","predFoc","sentence18","yes","LH LH 0 LH L-L%","LH","LH ","L-L%","no","LH L"
"390",NA,"GUJ-P11-target9.wav","laavanya nindvaanu kaam kare che ","LH LH LH LH L-L%","Gujarati","P11","target9","subjFoc","sentence916","yes","LH LH LH LH L-L%","LH","LH ","L-L%","no","LH L"
"391",NA,"GUJ-P12-target1.wav","ananyaa kheDvaanu kaam kare che ","LH LH 0 0 L-L%","Gujarati","P12","target1","subjFoc","sentence18","yes","LH LH 0 0 L-L%","LH"," 0 ","L-L%","no","LH L"
"392",NA,"GUJ-P12-target10.wav","laavanya aaraam kare che ","LH LH LH L-L%","Gujarati","P12","target10","predFoc","sentence710","no","LH LH LH L-L%","LH","LH ","L-L%","no","LH L"
"393",NA,"GUJ-P12-target11.wav","ananyaa vyaayaam kare che ","LH LH LH L-L%","Gujarati","P12","target11","subjFoc","sentence1114","no","LH LH LH L-L%","LH","LH ","L-L%","no","LH L"
"394",NA,"GUJ-P12-target12.wav","laavanya kheDvaanu kaam kare che ","LH LH 0 LH L-L%","Gujarati","P12","target12","predFoc","sentence1215","yes","LH LH 0 LH L-L%","LH","LH ","L-L%","no","LH L"
"395",NA,"GUJ-P12-target13.wav","ananyaa aaraam kare che ","LH LH LH L-L%","Gujarati","P12","target13","subjFoc","sentence413","no","LH LH LH L-L%","LH","LH ","L-L%","no","LH L"
"396",NA,"GUJ-P12-target14.wav","ananyaa vyaayaam kare che ","LH LH LH L-L%","Gujarati","P12","target14","predFoc","sentence1114","no","LH LH LH L-L%","LH","LH ","L-L%","no","LH L"
"397",NA,"GUJ-P12-target15.wav","laavanya kheDvaanu kaam kare che ","LH LH LH LH L-L%","Gujarati","P12","target15","subjFoc","sentence1215","yes","LH LH LH LH L-L%","LH","LH ","L-L%","no","LH L"
"398",NA,"GUJ-P12-target16.wav","laavanya nindvaanu kaam kare che ","LH LH LH LH H-L%","Gujarati","P12","target16","predFoc","sentence916","yes","LH LH LH LH H-L%","LH","LH ","H-L%","no","LH L"
"399",NA,"GUJ-P12-target2.wav","laavanya vyaayaam kare che ","LH LH LH L-L%","Gujarati","P12","target2","predFoc","sentence25","no","LH LH LH L-L%","LH","LH ","L-L%","no","LH L"
"400",NA,"GUJ-P12-target3.wav","ananyaa nindvaanu kaam kare che ","LH LH 0 LH L-L%","Gujarati","P12","target3","subjFoc","sentence36","yes","LH LH 0 LH L-L%","LH","LH ","L-L%","no","LH L"
"401",NA,"GUJ-P12-target4.wav","ananyaa aaraam kare che ","LH LH 0 L-L%","Gujarati","P12","target4","predFoc","sentence413","no","LH LH 0 L-L%","LH"," 0 ","L-L%","no","LH L"
"402",NA,"GUJ-P12-target5.wav","laavanya vyaayaam kare che ","LH LH LH L-L%","Gujarati","P12","target5","subjFoc","sentence25","no","LH LH LH L-L%","LH","LH ","L-L%","no","LH L"
"403",NA,"GUJ-P12-target6.wav","ananyaa nindvaanu kaam kare che ","LH LH 0 0 L-L%","Gujarati","P12","target6","predFoc","sentence36","yes","LH LH 0 0 L-L%","LH"," 0 ","L-L%","no","LH L"
"404",NA,"GUJ-P12-target7.wav","laavanya aaraam kare che ","LH LH LH L-L%","Gujarati","P12","target7","subjFoc","sentence710","no","LH LH LH L-L%","LH","LH ","L-L%","no","LH L"
"405",NA,"GUJ-P12-target8.wav","ananyaa <p> kheDvaanu kaam kare che ","L-H% LH LH LH L-L%","Gujarati","P12","target8","predFoc","sentence18","yes","LH LH LH LH L-L%","LH","LH ","L-L%","yes","L-H%"
"406",NA,"GUJ-P12-target9.wav","laavanya nindvaanu kaam kare che ","LH LH 0 LH L-L%","Gujarati","P12","target9","subjFoc","sentence916","yes","LH LH 0 LH L-L%","LH","LH ","L-L%","no","LH L"
"407",NA,"GUJ-P2-target10.wav","laavanya aaraam kare che ","LH LH 0 L-L%","Gujarati","P2","target10","predFoc","sentence710","no","LH LH 0 L-L%","LH"," 0 ","L-L%","no","LH L"
"408",NA,"GUJ-P2-target12.wav","laavanya kheDvaanu kaam kare che ","LH LH 0 0 L-L%","Gujarati","P2","target12","predFoc","sentence1215","yes","LH LH 0 0 L-L%","LH"," 0 ","L-L%","no","LH L"
"409",NA,"GUJ-P2-target13.wav","ananyaa <p> aaraam kare che ","L-H% LH LH L-L%","Gujarati","P2","target13","subjFoc","sentence413","no","LH LH LH L-L%","LH","LH ","L-L%","yes","L-H%"
"410",NA,"GUJ-P2-target15.wav","laavanya kheDvaanu kaam kare che ","LH 0 0 0 L-L%","Gujarati","P2","target15","subjFoc","sentence1215","yes","LH 0 0 0 L-L%","0"," 0 ","L-L%","no","LH 0"
"411",NA,"GUJ-P2-target16.wav","laavanya <p> nindvaanu kaam kare che ","L-H% LH 0 LH L-L%","Gujarati","P2","target16","predFoc","sentence916","yes","LH LH 0 LH L-L%","LH","LH ","L-L%","yes","L-H%"
"412",NA,"GUJ-P2-target3.wav","ananyaa <p> nindvaanu kaam kare che ","L-H% LH 0 0 L-L%","Gujarati","P2","target3","subjFoc","sentence36","yes","LH LH 0 0 L-L%","LH"," 0 ","L-L%","yes","L-H%"
"413",NA,"GUJ-P2-target4.wav","ananyaa aaraam kare che ","LH LH 0 L-L%","Gujarati","P2","target4","predFoc","sentence413","no","LH LH 0 L-L%","LH"," 0 ","L-L%","no","LH L"
"414",NA,"GUJ-P2-target6.wav","ananyaa nindvaanu kaam kare che ","LH LH LH 0 L-L%","Gujarati","P2","target6","predFoc","sentence36","yes","LH LH LH 0 L-L%","LH"," 0 ","L-L%","no","LH L"
"415",NA,"GUJ-P2-target7.wav","laavanya aaraam kare che ","LH LH 0 L-L%","Gujarati","P2","target7","subjFoc","sentence710","no","LH LH 0 L-L%","LH"," 0 ","L-L%","no","LH L"
"416",NA,"GUJ-P2-target8.wav","ananyaa <p> kheDvaanu kaam kare che ","L-H% LH 0 0 L-L%","Gujarati","P2","target8","predFoc","sentence18","yes","LH LH 0 0 L-L%","LH"," 0 ","L-L%","yes","L-H%"
"417",NA,"GUJ-P3-target1.wav","ananyaa kheDvaanu kaam kare che ","LH LH LH LH L-L%","Gujarati","P3","target1","subjFoc","sentence18","yes","LH LH LH LH L-L%","LH","LH ","L-L%","no","LH L"
"418",NA,"GUJ-P3-target10.wav","laavanya aaraam kare che ","LH LH LH L-L%","Gujarati","P3","target10","predFoc","sentence710","no","LH LH LH L-L%","LH","LH ","L-L%","no","LH L"
"419",NA,"GUJ-P3-target11.wav","ananyaa <p> vyaayaam kare che ","L-H% 0 LH L-L%","Gujarati","P3","target11","subjFoc","sentence1114","no","LH 0 LH L-L%","0","LH ","L-L%","yes","L-H%"
"420",NA,"GUJ-P3-target12.wav","laavanya <p> kheDvaanu kaam kare che ","L-H% LH LH 0 L-L%","Gujarati","P3","target12","predFoc","sentence1215","yes","LH LH LH 0 L-L%","LH"," 0 ","L-L%","yes","L-H%"
"421",NA,"GUJ-P3-target13.wav","ananyaa aaraam kare che ","LH LH LH L-L%","Gujarati","P3","target13","subjFoc","sentence413","no","LH LH LH L-L%","LH","LH ","L-L%","no","LH L"
"422",NA,"GUJ-P3-target14.wav","ananyaa vyaayaam kare che ","LH LH LH L-L%","Gujarati","P3","target14","predFoc","sentence1114","no","LH LH LH L-L%","LH","LH ","L-L%","no","LH L"
"423",NA,"GUJ-P3-target15.wav","laavanya kheDvaanu kaam kare che ","LH LH LH LH L-L%","Gujarati","P3","target15","subjFoc","sentence1215","yes","LH LH LH LH L-L%","LH","LH ","L-L%","no","LH L"
"424",NA,"GUJ-P3-target16.wav","laavanya nindvaanu kaam kare che ","LH LH 0 0 L-L%","Gujarati","P3","target16","predFoc","sentence916","yes","LH LH 0 0 L-L%","LH"," 0 ","L-L%","no","LH L"
"425",NA,"GUJ-P3-target2.wav","laavanya vyaayaam kare che ","LH LH 0 L-L%","Gujarati","P3","target2","predFoc","sentence25","no","LH LH 0 L-L%","LH"," 0 ","L-L%","no","LH L"
"426",NA,"GUJ-P3-target3.wav","ananyaa nindvaanu kaam kare che ","LH LH 0 0 H-L%","Gujarati","P3","target3","subjFoc","sentence36","yes","LH LH 0 0 H-L%","LH"," 0 ","H-L%","no","LH L"
"427",NA,"GUJ-P3-target4.wav","ananyaa aaraam kare che ","LH LH 0 L-L%","Gujarati","P3","target4","predFoc","sentence413","no","LH LH 0 L-L%","LH"," 0 ","L-L%","no","LH L"
"428",NA,"GUJ-P3-target5.wav","laavanya vyaayaam kare che ","LH LH 0 L-L%","Gujarati","P3","target5","subjFoc","sentence25","no","LH LH 0 L-L%","LH"," 0 ","L-L%","no","LH L"
"429",NA,"GUJ-P3-target6.wav","ananyaa nindvaanu kaam kare che ","LH LH LH 0 H-L%","Gujarati","P3","target6","predFoc","sentence36","yes","LH LH LH 0 H-L%","LH"," 0 ","H-L%","no","LH L"
"430",NA,"GUJ-P3-target7.wav","laavanya aaraam kare che ","LH LH 0 L-L%","Gujarati","P3","target7","subjFoc","sentence710","no","LH LH 0 L-L%","LH"," 0 ","L-L%","no","LH L"
"431",NA,"GUJ-P3-target8.wav","ananyaa kheDvaanu kaam kare che ","LH LH LH 0 L-L%","Gujarati","P3","target8","predFoc","sentence18","yes","LH LH LH 0 L-L%","LH"," 0 ","L-L%","no","LH L"
"432",NA,"GUJ-P3-target9.wav","laavanya nindvaanu kaam kare che ","LH 0 0 0 L-L%","Gujarati","P3","target9","subjFoc","sentence916","yes","LH 0 0 0 L-L%","0"," 0 ","L-L%","no","LH 0"
"433",NA,"GUJ-P4-target1.wav","ananyaa kheDvaanu kaam kare che ","LH LH LH LH L-L%","Gujarati","P4","target1","subjFoc","sentence18","yes","LH LH LH LH L-L%","LH","LH ","L-L%","no","LH L"
"434",NA,"GUJ-P4-target10.wav","laavanya aaraam kare che ","LH LH LH L-H%","Gujarati","P4","target10","predFoc","sentence710","no","LH LH LH L-H%","LH","LH ","L-H%","no","LH L"
"435",NA,"GUJ-P4-target11.wav","ananyaa vyaayaam kare che ","LH 0 LH L-H%","Gujarati","P4","target11","subjFoc","sentence1114","no","LH 0 LH L-H%","0","LH ","L-H%","no","LH 0"
"436",NA,"GUJ-P4-target12.wav","laavanya kheDvaanu kaam kare che ","LH LH 0 0 L-L%","Gujarati","P4","target12","predFoc","sentence1215","yes","LH LH 0 0 L-L%","LH"," 0 ","L-L%","no","LH L"
"437",NA,"GUJ-P4-target13.wav","ananyaa aaraam kare che ","LH LH LH L-L%","Gujarati","P4","target13","subjFoc","sentence413","no","LH LH LH L-L%","LH","LH ","L-L%","no","LH L"
"438",NA,"GUJ-P4-target14.wav","ananyaa vyaayaam kare che ","LH LH 0 L-H%","Gujarati","P4","target14","predFoc","sentence1114","no","LH LH 0 L-H%","LH"," 0 ","L-H%","no","LH L"
"439",NA,"GUJ-P4-target15.wav","laavanya kheDvaanu kaam kare che ","LH 0 0 LH L-H%","Gujarati","P4","target15","subjFoc","sentence1215","yes","LH 0 0 LH L-H%","0","LH ","L-H%","no","LH 0"
"440",NA,"GUJ-P4-target16.wav","laavanya nindvaanu kaam kare che ","LH LH 0 LH L-H%","Gujarati","P4","target16","predFoc","sentence916","yes","LH LH 0 LH L-H%","LH","LH ","L-H%","no","LH L"
"441",NA,"GUJ-P4-target2.wav","laavanya vyaayaam kare che ","LH LH LH L-H%","Gujarati","P4","target2","predFoc","sentence25","no","LH LH LH L-H%","LH","LH ","L-H%","no","LH L"
"442",NA,"GUJ-P4-target3.wav","ananyaa nindvaanu kaam kare che ","LH LH 0 LH L-H%","Gujarati","P4","target3","subjFoc","sentence36","yes","LH LH 0 LH L-H%","LH","LH ","L-H%","no","LH L"
"443",NA,"GUJ-P4-target4.wav","ananyaa aaraam kare che ","LH LH LH L-H%","Gujarati","P4","target4","predFoc","sentence413","no","LH LH LH L-H%","LH","LH ","L-H%","no","LH L"
"444",NA,"GUJ-P4-target5.wav","laavanya vyaayaam kare che ","LH 0 LH L-H%","Gujarati","P4","target5","subjFoc","sentence25","no","LH 0 LH L-H%","0","LH ","L-H%","no","LH 0"
"445",NA,"GUJ-P4-target6.wav","ananyaa nindvaanu kaam kare che ","LH LH 0 LH L-H%","Gujarati","P4","target6","predFoc","sentence36","yes","LH LH 0 LH L-H%","LH","LH ","L-H%","no","LH L"
"446",NA,"GUJ-P4-target7.wav","laavanya aaraam kare che ","LH LH LH L-H%","Gujarati","P4","target7","subjFoc","sentence710","no","LH LH LH L-H%","LH","LH ","L-H%","no","LH L"
"447",NA,"GUJ-P4-target8.wav","ananyaa kheDvaanu kaam kare che ","LH LH 0 LH L-H%","Gujarati","P4","target8","predFoc","sentence18","yes","LH LH 0 LH L-H%","LH","LH ","L-H%","no","LH L"
"448",NA,"GUJ-P4-target9.wav","laavanya nindvaanu kaam kare che ","LH LH 0 0 L-L%","Gujarati","P4","target9","subjFoc","sentence916","yes","LH LH 0 0 L-L%","LH"," 0 ","L-L%","no","LH L"
"449",NA,"GUJ-P5-target1.wav","ananyaa kheDvaanu kaam kare che ","LH LH LH LH L-L%","Gujarati","P5","target1","subjFoc","sentence18","yes","LH LH LH LH L-L%","LH","LH ","L-L%","no","LH L"
"450",NA,"GUJ-P5-target10.wav","laavanya aaraam kare che ","LH LH LH L-H%","Gujarati","P5","target10","predFoc","sentence710","no","LH LH LH L-H%","LH","LH ","L-H%","no","LH L"
"451",NA,"GUJ-P5-target11.wav","ananyaa vyaayaam kare che ","LH LH LH L-L%","Gujarati","P5","target11","subjFoc","sentence1114","no","LH LH LH L-L%","LH","LH ","L-L%","no","LH L"
"452",NA,"GUJ-P5-target12.wav","laavanya kheDvaanu kaam kare che ","LH LH LH LH L-L%","Gujarati","P5","target12","predFoc","sentence1215","yes","LH LH LH LH L-L%","LH","LH ","L-L%","no","LH L"
"453",NA,"GUJ-P5-target13.wav","ananyaa aaraam kare che ","LH LH LH L-H%","Gujarati","P5","target13","subjFoc","sentence413","no","LH LH LH L-H%","LH","LH ","L-H%","no","LH L"
"454",NA,"GUJ-P5-target14.wav","ananyaa vyaayaam kare che ","LH LH LH L-H%","Gujarati","P5","target14","predFoc","sentence1114","no","LH LH LH L-H%","LH","LH ","L-H%","no","LH L"
"455",NA,"GUJ-P5-target15.wav","laavanya kheDvaanu kaam kare che ","LH LH LH LH L-H%","Gujarati","P5","target15","subjFoc","sentence1215","yes","LH LH LH LH L-H%","LH","LH ","L-H%","no","LH L"
"456",NA,"GUJ-P5-target16.wav","laavanya nindvaanu kaam kare che ","LH LH LH LH L-H%","Gujarati","P5","target16","predFoc","sentence916","yes","LH LH LH LH L-H%","LH","LH ","L-H%","no","LH L"
"457",NA,"GUJ-P5-target2.wav","laavanya <p> vyaayaam kare che ","L-H% LH LH L-L%","Gujarati","P5","target2","predFoc","sentence25","no","LH LH LH L-L%","LH","LH ","L-L%","yes","L-H%"
"458",NA,"GUJ-P5-target3.wav","ananyaa nindvaanu kaam kare che ","LH LH LH LH L-L%","Gujarati","P5","target3","subjFoc","sentence36","yes","LH LH LH LH L-L%","LH","LH ","L-L%","no","LH L"
"459",NA,"GUJ-P5-target4.wav","ananyaa <p> aaraam kare che ","L-H% LH LH L-H%","Gujarati","P5","target4","predFoc","sentence413","no","LH LH LH L-H%","LH","LH ","L-H%","yes","L-H%"
"460",NA,"GUJ-P5-target5.wav","laavanya vyaayaam kare che ","LH LH LH L-H%","Gujarati","P5","target5","subjFoc","sentence25","no","LH LH LH L-H%","LH","LH ","L-H%","no","LH L"
"461",NA,"GUJ-P5-target6.wav","ananyaa nindvaanu kaam kare che ","LH LH LH 0 L-L%","Gujarati","P5","target6","predFoc","sentence36","yes","LH LH LH 0 L-L%","LH"," 0 ","L-L%","no","LH L"
"462",NA,"GUJ-P5-target7.wav","laavanya aaraam kare che ","LH LH LH L-H%","Gujarati","P5","target7","subjFoc","sentence710","no","LH LH LH L-H%","LH","LH ","L-H%","no","LH L"
"463",NA,"GUJ-P5-target8.wav","ananyaa kheDvaanu kaam kare che ","LH LH LH LH L-L%","Gujarati","P5","target8","predFoc","sentence18","yes","LH LH LH LH L-L%","LH","LH ","L-L%","no","LH L"
"464",NA,"GUJ-P5-target9.wav","laavanya nindvaanu kaam kare che ","LH LH LH LH L-L%","Gujarati","P5","target9","subjFoc","sentence916","yes","LH LH LH LH L-L%","LH","LH ","L-L%","no","LH L"
"465",NA,"GUJ-P6-target1.wav","ananyaa kheDvaanu kaam kare che ","LH LH 0 LH L-L%","Gujarati","P6","target1","subjFoc","sentence18","yes","LH LH 0 LH L-L%","LH","LH ","L-L%","no","LH L"
"466",NA,"GUJ-P6-target10.wav","laavanya <p> aaraam kare che ","L-H% LH LH L-L%","Gujarati","P6","target10","predFoc","sentence710","no","LH LH LH L-L%","LH","LH ","L-L%","yes","L-H%"
"467",NA,"GUJ-P6-target11.wav","ananyaa vyaayaam kare che ","LH LH LH L-L%","Gujarati","P6","target11","subjFoc","sentence1114","no","LH LH LH L-L%","LH","LH ","L-L%","no","LH L"
"468",NA,"GUJ-P6-target12.wav","laavanya kheDvaanu kaam kare che ","LH LH 0 LH L-L%","Gujarati","P6","target12","predFoc","sentence1215","yes","LH LH 0 LH L-L%","LH","LH ","L-L%","no","LH L"
"469",NA,"GUJ-P6-target13.wav","ananyaa aaraam kare che ","LH LH 0 L-L%","Gujarati","P6","target13","subjFoc","sentence413","no","LH LH 0 L-L%","LH"," 0 ","L-L%","no","LH L"
"470",NA,"GUJ-P6-target14.wav","ananyaa <p> vyaayaam kare che ","L-H% LH LH L-L%","Gujarati","P6","target14","predFoc","sentence1114","no","LH LH LH L-L%","LH","LH ","L-L%","yes","L-H%"
"471",NA,"GUJ-P6-target15.wav","laavanya <p> kheDvaanu kaam kare che ","L-H% LH LH LH L-L%","Gujarati","P6","target15","subjFoc","sentence1215","yes","LH LH LH LH L-L%","LH","LH ","L-L%","yes","L-H%"
"472",NA,"GUJ-P6-target16.wav","laavanya <p> nindvaanu kaam kare che ","L-H% LH LH LH L-L%","Gujarati","P6","target16","predFoc","sentence916","yes","LH LH LH LH L-L%","LH","LH ","L-L%","yes","L-H%"
"473",NA,"GUJ-P6-target2.wav","laavanya vyaayaam kare che ","LH LH LH L-L%","Gujarati","P6","target2","predFoc","sentence25","no","LH LH LH L-L%","LH","LH ","L-L%","no","LH L"
"474",NA,"GUJ-P6-target3.wav","ananyaa nindvaanu kaam kare che ","LH LH LH LH L-L%","Gujarati","P6","target3","subjFoc","sentence36","yes","LH LH LH LH L-L%","LH","LH ","L-L%","no","LH L"
"475",NA,"GUJ-P6-target4.wav","ananyaa aaraam kare che ","LH LH LH L-L%","Gujarati","P6","target4","predFoc","sentence413","no","LH LH LH L-L%","LH","LH ","L-L%","no","LH L"
"476",NA,"GUJ-P6-target5.wav","laavanya vyaayaam kare che ","LH LH LH L-L%","Gujarati","P6","target5","subjFoc","sentence25","no","LH LH LH L-L%","LH","LH ","L-L%","no","LH L"
"477",NA,"GUJ-P6-target6.wav","ananyaa nindvaanu kaam kare che ","LH LH LH LH L-H%","Gujarati","P6","target6","predFoc","sentence36","yes","LH LH LH LH L-H%","LH","LH ","L-H%","no","LH L"
"478",NA,"GUJ-P6-target7.wav","laavanya aaraam kare che ","LH LH LH L-L%","Gujarati","P6","target7","subjFoc","sentence710","no","LH LH LH L-L%","LH","LH ","L-L%","no","LH L"
"479",NA,"GUJ-P6-target8.wav","ananyaa <p> kheDvaanu kaam kare che ","L-H% LH 0 LH L-H%","Gujarati","P6","target8","predFoc","sentence18","yes","LH LH 0 LH L-H%","LH","LH ","L-H%","yes","L-H%"
"480",NA,"GUJ-P6-target9.wav","laavanya nindvaanu kaam kare che ","LH LH LH 0 L-L%","Gujarati","P6","target9","subjFoc","sentence916","yes","LH LH LH 0 L-L%","LH"," 0 ","L-L%","no","LH L"
"481",NA,"GUJ-P7-target1.wav","ananyaa <p> kheDvaanu kaam kare che ","L-H% 0 0 LH L-L%","Gujarati","P7","target1","subjFoc","sentence18","yes","LH 0 0 LH L-L%","0","LH ","L-L%","yes","L-H%"
"482",NA,"GUJ-P7-target10.wav","laavanya aaraam kare che ","LH LH LH L-L%","Gujarati","P7","target10","predFoc","sentence710","no","LH LH LH L-L%","LH","LH ","L-L%","no","LH L"
"483",NA,"GUJ-P7-target11.wav","ananyaa vyaayaam kare che ","LH LH LH L-L%","Gujarati","P7","target11","subjFoc","sentence1114","no","LH LH LH L-L%","LH","LH ","L-L%","no","LH L"
"484",NA,"GUJ-P7-target12.wav","laavanya kheDvaanu kaam kare che ","LH LH LH LH L-L%","Gujarati","P7","target12","predFoc","sentence1215","yes","LH LH LH LH L-L%","LH","LH ","L-L%","no","LH L"
"485",NA,"GUJ-P7-target13.wav","ananyaa aaraam kare che ","LH LH LH L-H%","Gujarati","P7","target13","subjFoc","sentence413","no","LH LH LH L-H%","LH","LH ","L-H%","no","LH L"
"486",NA,"GUJ-P7-target14.wav","ananyaa vyaayaam kare che ","LH LH LH L-L%","Gujarati","P7","target14","predFoc","sentence1114","no","LH LH LH L-L%","LH","LH ","L-L%","no","LH L"
"487",NA,"GUJ-P7-target15.wav","laavanya kheDvaanu kaam kare che ","LH LH 0 0 L-H%","Gujarati","P7","target15","subjFoc","sentence1215","yes","LH LH 0 0 L-H%","LH"," 0 ","L-H%","no","LH L"
"488",NA,"GUJ-P7-target16.wav","laavanya nindvaanu kaam kare che ","LH LH 0 LH L-H%","Gujarati","P7","target16","predFoc","sentence916","yes","LH LH 0 LH L-H%","LH","LH ","L-H%","no","LH L"
"489",NA,"GUJ-P7-target2.wav","laavanya vyaayaam kare che ","LH LH LH L-L%","Gujarati","P7","target2","predFoc","sentence25","no","LH LH LH L-L%","LH","LH ","L-L%","no","LH L"
"490",NA,"GUJ-P7-target3.wav","ananyaa nindvaanu kaam kare che ","LH LH 0 LH L-L%","Gujarati","P7","target3","subjFoc","sentence36","yes","LH LH 0 LH L-L%","LH","LH ","L-L%","no","LH L"
"491",NA,"GUJ-P7-target4.wav","ananyaa aaraam kare che ","LH LH 0 L-L%","Gujarati","P7","target4","predFoc","sentence413","no","LH LH 0 L-L%","LH"," 0 ","L-L%","no","LH L"
"492",NA,"GUJ-P7-target5.wav","laavanya vyaayaam kare che ","LH LH 0 L-L%","Gujarati","P7","target5","subjFoc","sentence25","no","LH LH 0 L-L%","LH"," 0 ","L-L%","no","LH L"
"493",NA,"GUJ-P7-target6.wav","ananyaa nindvaanu kaam kare che ","LH LH 0 LH L-L%","Gujarati","P7","target6","predFoc","sentence36","yes","LH LH 0 LH L-L%","LH","LH ","L-L%","no","LH L"
"494",NA,"GUJ-P7-target7.wav","laavanya aaraam kare che ","LH LH LH L-L%","Gujarati","P7","target7","subjFoc","sentence710","no","LH LH LH L-L%","LH","LH ","L-L%","no","LH L"
"495",NA,"GUJ-P7-target8.wav","ananyaa kheDvaanu kaam kare che ","LH LH LH LH L-H%","Gujarati","P7","target8","predFoc","sentence18","yes","LH LH LH LH L-H%","LH","LH ","L-H%","no","LH L"
"496",NA,"GUJ-P7-target9.wav","laavanya nindvaanu kaam kare che ","LH LH 0 0 L-L%","Gujarati","P7","target9","subjFoc","sentence916","yes","LH LH 0 0 L-L%","LH"," 0 ","L-L%","no","LH L"
"497",NA,"GUJ-P8-target1.wav","ananyaa kheDvaanu kaam kare che ","LH LH 0 LH L-L%","Gujarati","P8","target1","subjFoc","sentence18","yes","LH LH 0 LH L-L%","LH","LH ","L-L%","no","LH L"
"498",NA,"GUJ-P8-target10.wav","laavanya aaraam kare che ","LH LH 0 L-L%","Gujarati","P8","target10","predFoc","sentence710","no","LH LH 0 L-L%","LH"," 0 ","L-L%","no","LH L"
"499",NA,"GUJ-P8-target11.wav","ananyaa vyaayaam kare che ","LH LH LH L-L%","Gujarati","P8","target11","subjFoc","sentence1114","no","LH LH LH L-L%","LH","LH ","L-L%","no","LH L"
"500",NA,"GUJ-P8-target12.wav","laavanya kheDvaanu kaam kare che ","LH LH 0 0 L-L%","Gujarati","P8","target12","predFoc","sentence1215","yes","LH LH 0 0 L-L%","LH"," 0 ","L-L%","no","LH L"
"501",NA,"GUJ-P8-target13.wav","ananyaa aaraam kare che ","LH LH LH L-L%","Gujarati","P8","target13","subjFoc","sentence413","no","LH LH LH L-L%","LH","LH ","L-L%","no","LH L"
"502",NA,"GUJ-P8-target14.wav","ananyaa vyaayaam kare che ","LH LH LH L-L%","Gujarati","P8","target14","predFoc","sentence1114","no","LH LH LH L-L%","LH","LH ","L-L%","no","LH L"
"503",NA,"GUJ-P8-target15.wav","laavanya kheDvaanu kaam kare che ","LH 0 0 0 L-L%","Gujarati","P8","target15","subjFoc","sentence1215","yes","LH 0 0 0 L-L%","0"," 0 ","L-L%","no","LH 0"
"504",NA,"GUJ-P8-target16.wav","laavanya nindvaanu kaam kare che ","LH LH 0 LH L-L%","Gujarati","P8","target16","predFoc","sentence916","yes","LH LH 0 LH L-L%","LH","LH ","L-L%","no","LH L"
"505",NA,"GUJ-P8-target2.wav","laavanya vyaayaam kare che ","LH LH 0 L-L%","Gujarati","P8","target2","predFoc","sentence25","no","LH LH 0 L-L%","LH"," 0 ","L-L%","no","LH L"
"506",NA,"GUJ-P8-target3.wav","ananyaa nindvaanu kaam kare che ","LH LH 0 0 L-L%","Gujarati","P8","target3","subjFoc","sentence36","yes","LH LH 0 0 L-L%","LH"," 0 ","L-L%","no","LH L"
"507",NA,"GUJ-P8-target4.wav","ananyaa aaraam kare che ","LH LH LH L-L%","Gujarati","P8","target4","predFoc","sentence413","no","LH LH LH L-L%","LH","LH ","L-L%","no","LH L"
"508",NA,"GUJ-P8-target5.wav","laavanya vyaayaam kare che ","LH LH 0 L-L%","Gujarati","P8","target5","subjFoc","sentence25","no","LH LH 0 L-L%","LH"," 0 ","L-L%","no","LH L"
"509",NA,"GUJ-P8-target6.wav","ananyaa nindvaanu kaam kare che ","LH LH 0 0 L-L%","Gujarati","P8","target6","predFoc","sentence36","yes","LH LH 0 0 L-L%","LH"," 0 ","L-L%","no","LH L"
"510",NA,"GUJ-P8-target7.wav","laavanya aaraam kare che ","LH LH 0 L-L%","Gujarati","P8","target7","subjFoc","sentence710","no","LH LH 0 L-L%","LH"," 0 ","L-L%","no","LH L"
"511",NA,"GUJ-P8-target8.wav","ananyaa kheDvaanu kaam kare che ","LH LH 0 0 L-L%","Gujarati","P8","target8","predFoc","sentence18","yes","LH LH 0 0 L-L%","LH"," 0 ","L-L%","no","LH L"
"512",NA,"GUJ-P8-target9.wav","laavanya nindvaanu kaam kare che ","LH LH 0 0 L-L%","Gujarati","P8","target9","subjFoc","sentence916","yes","LH LH 0 0 L-L%","LH"," 0 ","L-L%","no","LH L"
"513",NA,"GUJ-P9-target1.wav","ananyaa kheDvaanu kaam kare che ","LH 0 0 LH L-L%","Gujarati","P9","target1","subjFoc","sentence18","yes","LH 0 0 LH L-L%","0","LH ","L-L%","no","LH 0"
"514",NA,"GUJ-P9-target10.wav","laavanya aaraam kare che ","LH LH LH L-L%","Gujarati","P9","target10","predFoc","sentence710","no","LH LH LH L-L%","LH","LH ","L-L%","no","LH L"
"515",NA,"GUJ-P9-target11.wav","ananyaa vyaayaam kare che ","LH LH LH L-H%","Gujarati","P9","target11","subjFoc","sentence1114","no","LH LH LH L-H%","LH","LH ","L-H%","no","LH L"
"516",NA,"GUJ-P9-target12.wav","laavanya kheDvaanu kaam kare che ","LH LH 0 LH L-H%","Gujarati","P9","target12","predFoc","sentence1215","yes","LH LH 0 LH L-H%","LH","LH ","L-H%","no","LH L"
"517",NA,"GUJ-P9-target13.wav","ananyaa aaraam kare che ","LH LH LH L-L%","Gujarati","P9","target13","subjFoc","sentence413","no","LH LH LH L-L%","LH","LH ","L-L%","no","LH L"
"518",NA,"GUJ-P9-target14.wav","ananyaa vyaayaam kare che ","LH LH 0 L-L%","Gujarati","P9","target14","predFoc","sentence1114","no","LH LH 0 L-L%","LH"," 0 ","L-L%","no","LH L"
"519",NA,"GUJ-P9-target15.wav","laavanya kheDvaanu kaam kare che ","LH LH 0 LH L-H%","Gujarati","P9","target15","subjFoc","sentence1215","yes","LH LH 0 LH L-H%","LH","LH ","L-H%","no","LH L"
"520",NA,"GUJ-P9-target16.wav","laavanya nindvaanu kaam kare che ","LH LH 0 0 L-L%","Gujarati","P9","target16","predFoc","sentence916","yes","LH LH 0 0 L-L%","LH"," 0 ","L-L%","no","LH L"
"521",NA,"GUJ-P9-target2.wav","laavanya vyaayaam kare che ","LH LH 0 L-L%","Gujarati","P9","target2","predFoc","sentence25","no","LH LH 0 L-L%","LH"," 0 ","L-L%","no","LH L"
"522",NA,"GUJ-P9-target3.wav","ananyaa nindvaanu kaam kare che ","LH LH 0 LH L-L%","Gujarati","P9","target3","subjFoc","sentence36","yes","LH LH 0 LH L-L%","LH","LH ","L-L%","no","LH L"
"523",NA,"GUJ-P9-target4.wav","ananyaa aaraam kare che ","LH 0 LH L-L%","Gujarati","P9","target4","predFoc","sentence413","no","LH 0 LH L-L%","0","LH ","L-L%","no","LH 0"
"524",NA,"GUJ-P9-target5.wav","laavanya vyaayaam kare che ","LH LH 0 L-L%","Gujarati","P9","target5","subjFoc","sentence25","no","LH LH 0 L-L%","LH"," 0 ","L-L%","no","LH L"
"525",NA,"GUJ-P9-target6.wav","ananyaa nindvaanu kaam kare che ","LH LH 0 LH L-L%","Gujarati","P9","target6","predFoc","sentence36","yes","LH LH 0 LH L-L%","LH","LH ","L-L%","no","LH L"
"526",NA,"GUJ-P9-target7.wav","laavanya aaraam kare che ","LH LH LH L-L%","Gujarati","P9","target7","subjFoc","sentence710","no","LH LH LH L-L%","LH","LH ","L-L%","no","LH L"
"527",NA,"GUJ-P9-target8.wav","ananyaa kheDvaanu kaam kare che ","LH LH 0 LH L-L%","Gujarati","P9","target8","predFoc","sentence18","yes","LH LH 0 LH L-L%","LH","LH ","L-L%","no","LH L"
"528",NA,"GUJ-P9-target9.wav","laavanya nindvaanu kaam kare che ","LH LH 0 0 L-H%","Gujarati","P9","target9","subjFoc","sentence916","yes","LH LH 0 0 L-H%","LH"," 0 ","L-H%","no","LH L"
